,ProductID,Date,Name,Category,Price,Total_sales_Quantity,Total_Sales_Transactions,Total_Price
0,46,2025-03-04 08:58:24,Product_46,Toys,224.26,21,1,4709.46
1,170,2025-03-04 08:58:24,Product_170,Books,9.35,5,1,46.75
2,173,2025-03-04 08:58:24,Product_173,Clothing,495.16,33,1,16340.28
3,236,2025-03-04 08:58:24,Product_236,Electronics,452.37,30,1,13571.1
4,72,2025-03-03 08:58:24,Product_72,Clothing,97.46,26,1,2533.96
5,344,2025-03-03 08:58:24,Product_344,Home Appliances,371.29,21,1,7797.09
6,484,2025-03-03 08:58:24,Product_484,Electronics,77.03,20,1,1540.6
7,487,2025-03-03 08:58:24,Product_487,Electronics,493.38,48,1,23682.24
8,244,2025-03-02 08:58:24,Product_244,Home Appliances,220.84,7,1,1545.88
9,402,2025-03-01 08:58:24,Product_402,Electronics,199.51,12,1,2394.12
10,101,2025-02-27 08:58:24,Product_101,Books,243.33,45,1,10949.85
11,254,2025-02-27 08:58:24,Product_254,Books,493.25,17,1,8385.25
12,17,2025-02-26 08:58:24,Product_17,Books,477.12,9,1,4294.08
13,488,2025-02-26 08:58:24,Product_488,Home Appliances,471.64,12,1,5659.68
14,184,2025-02-25 08:58:24,Product_184,Books,343.27,1,1,343.27
15,418,2025-02-25 08:58:24,Product_418,Toys,264.58,14,1,3704.12
16,440,2025-02-25 08:58:24,Product_440,Electronics,381.6,10,1,3816.0
17,11,2025-02-24 08:58:24,Product_11,Clothing,298.98,39,1,11660.22
18,295,2025-02-24 08:58:24,Product_295,Home Appliances,248.99,16,1,3983.84
19,317,2025-02-24 08:58:24,Product_317,Books,357.75,11,1,3935.25
20,327,2025-02-24 08:58:24,Product_327,Toys,370.97,47,1,17435.59
21,354,2025-02-24 08:58:24,Product_354,Clothing,82.66,28,1,2314.48
22,423,2025-02-24 08:58:24,Product_423,Books,487.59,21,1,10239.39
23,497,2025-02-24 08:58:24,Product_497,Clothing,224.19,4,1,896.76
24,146,2025-02-23 08:58:24,Product_146,Toys,468.75,43,1,20156.25
25,73,2025-02-22 08:58:24,Product_73,Toys,342.36,49,1,16775.64
26,225,2025-02-22 08:58:24,Product_225,Clothing,219.19,25,1,5479.75
27,256,2025-02-22 08:58:24,Product_256,Electronics,58.25,40,1,2330.0
28,43,2025-02-21 08:58:24,Product_43,Books,99.22,2,1,198.44
29,213,2025-02-21 08:58:24,Product_213,Electronics,410.57,14,1,5747.98
30,238,2025-02-21 08:58:24,Product_238,Books,137.11,36,1,4935.96
31,101,2025-02-20 08:58:24,Product_101,Books,243.33,14,1,3406.62
32,424,2025-02-20 08:58:24,Product_424,Books,44.58,16,1,713.28
33,473,2025-02-20 08:58:24,Product_473,Home Appliances,243.75,7,1,1706.25
34,492,2025-02-20 08:58:24,Product_492,Books,74.46,39,1,2903.94
35,124,2025-02-19 08:58:24,Product_124,Electronics,93.79,32,1,3001.28
36,225,2025-02-19 08:58:24,Product_225,Clothing,219.19,23,1,5041.37
37,339,2025-02-19 08:58:24,Product_339,Toys,233.87,7,1,1637.09
38,398,2025-02-19 08:58:24,Product_398,Home Appliances,82.28,24,1,1974.72
39,363,2025-02-18 08:58:24,Product_363,Books,92.59,46,1,4259.14
40,368,2025-02-18 08:58:24,Product_368,Clothing,359.22,36,1,12931.92
41,105,2025-02-17 08:58:24,Product_105,Toys,245.39,29,1,7116.31
42,240,2025-02-17 08:58:24,Product_240,Electronics,417.38,26,1,10851.88
43,320,2025-02-17 08:58:24,Product_320,Electronics,197.46,9,1,1777.14
44,125,2025-02-16 08:58:24,Product_125,Toys,211.28,42,1,8873.76
45,242,2025-02-15 08:58:24,Product_242,Electronics,350.8,8,1,2806.4
46,301,2025-02-15 08:58:24,Product_301,Clothing,83.24,46,1,3829.04
47,310,2025-02-15 08:58:24,Product_310,Toys,247.43,22,1,5443.46
48,426,2025-02-15 08:58:24,Product_426,Books,161.99,33,1,5345.67
49,77,2025-02-14 08:58:24,Product_77,Electronics,377.27,25,1,9431.75
50,80,2025-02-14 08:58:24,Product_80,Books,281.61,34,1,9574.74
51,106,2025-02-14 08:58:24,Product_106,Toys,290.51,10,1,2905.1
52,121,2025-02-14 08:58:24,Product_121,Clothing,40.92,8,1,327.36
53,228,2025-02-14 08:58:24,Product_228,Clothing,209.4,6,1,1256.4
54,284,2025-02-14 08:58:24,Product_284,Electronics,422.79,2,1,845.58
55,286,2025-02-14 08:58:24,Product_286,Electronics,213.66,19,1,4059.54
56,328,2025-02-14 08:58:24,Product_328,Toys,33.27,5,1,166.35
57,172,2025-02-13 08:58:24,Product_172,Home Appliances,437.72,2,1,875.44
58,22,2025-02-12 08:58:24,Product_22,Books,330.05,3,1,990.15
59,443,2025-02-12 08:58:24,Product_443,Home Appliances,54.2,16,1,867.2
60,337,2025-02-11 08:58:24,Product_337,Toys,480.13,45,1,21605.85
61,481,2025-02-11 08:58:24,Product_481,Toys,197.99,33,1,6533.67
62,239,2025-02-10 08:58:24,Product_239,Clothing,375.48,18,1,6758.64
63,498,2025-02-10 08:58:24,Product_498,Toys,389.16,9,1,3502.44
64,245,2025-02-09 08:58:24,Product_245,Books,88.66,41,1,3635.06
65,407,2025-02-09 08:58:24,Product_407,Toys,387.03,21,1,8127.63
66,472,2025-02-09 08:58:24,Product_472,Toys,426.62,25,1,10665.5
67,20,2025-02-08 08:58:24,Product_20,Home Appliances,476.56,8,1,3812.48
68,23,2025-02-08 08:58:24,Product_23,Books,434.39,41,1,17809.99
69,39,2025-02-08 08:58:24,Product_39,Toys,443.68,41,1,18190.88
70,266,2025-02-08 08:58:24,Product_266,Home Appliances,236.44,21,1,4965.24
71,312,2025-02-08 08:58:24,Product_312,Toys,277.88,47,1,13060.36
72,91,2025-02-07 08:58:24,Product_91,Toys,122.69,33,1,4048.77
73,118,2025-02-07 08:58:24,Product_118,Home Appliances,184.65,8,1,1477.2
74,200,2025-02-07 08:58:24,Product_200,Home Appliances,449.54,27,1,12137.58
75,238,2025-02-07 08:58:24,Product_238,Books,137.11,17,1,2330.87
76,264,2025-02-07 08:58:24,Product_264,Books,325.0,20,1,6500.0
77,268,2025-02-07 08:58:24,Product_268,Clothing,301.49,18,1,5426.82
78,362,2025-02-07 08:58:24,Product_362,Toys,31.68,17,1,538.56
79,413,2025-02-07 08:58:24,Product_413,Electronics,481.42,9,1,4332.78
80,110,2025-02-06 08:58:24,Product_110,Electronics,102.46,32,1,3278.72
81,65,2025-02-05 08:58:24,Product_65,Home Appliances,329.57,22,1,7250.54
82,231,2025-02-05 08:58:24,Product_231,Toys,133.98,29,1,3885.42
83,416,2025-02-05 08:58:24,Product_416,Electronics,362.74,6,1,2176.44
84,132,2025-02-04 08:58:24,Product_132,Clothing,114.86,20,1,2297.2
85,234,2025-02-04 08:58:24,Product_234,Clothing,187.38,40,1,7495.2
86,252,2025-02-04 08:58:24,Product_252,Electronics,195.77,28,1,5481.56
87,362,2025-02-03 08:58:24,Product_362,Toys,31.68,44,1,1393.92
88,392,2025-02-03 08:58:24,Product_392,Home Appliances,266.11,42,1,11176.62
89,478,2025-02-03 08:58:24,Product_478,Books,242.82,25,1,6070.5
90,289,2025-02-02 08:58:24,Product_289,Electronics,487.81,9,1,4390.29
91,164,2025-01-31 08:58:24,Product_164,Electronics,442.95,49,1,21704.55
92,217,2025-01-31 08:58:24,Product_217,Books,259.85,5,1,1299.25
93,450,2025-01-31 08:58:24,Product_450,Toys,394.82,35,1,13818.7
94,473,2025-01-31 08:58:24,Product_473,Home Appliances,243.75,29,1,7068.75
95,484,2025-01-31 08:58:24,Product_484,Electronics,77.03,5,1,385.15
96,500,2025-01-31 08:58:24,Product_500,Books,100.74,20,1,2014.8
97,269,2025-01-30 08:58:24,Product_269,Toys,498.17,15,1,7472.55
98,395,2025-01-30 08:58:24,Product_395,Toys,128.35,22,1,2823.7
99,484,2025-01-30 08:58:24,Product_484,Electronics,77.03,17,1,1309.51
100,14,2025-01-29 08:58:24,Product_14,Toys,220.68,20,1,4413.6
101,55,2025-01-29 08:58:24,Product_55,Home Appliances,127.75,6,1,766.5
102,296,2025-01-29 08:58:24,Product_296,Electronics,308.04,29,1,8933.16
103,301,2025-01-29 08:58:24,Product_301,Clothing,83.24,46,1,3829.04
104,444,2025-01-29 08:58:24,Product_444,Clothing,400.21,10,1,4002.1
105,498,2025-01-29 08:58:24,Product_498,Toys,389.16,24,1,9339.84
106,47,2025-01-28 08:58:24,Product_47,Clothing,309.75,38,1,11770.5
107,138,2025-01-28 08:58:24,Product_138,Electronics,414.89,48,1,19914.72
108,370,2025-01-28 08:58:24,Product_370,Books,43.78,18,1,788.04
109,422,2025-01-28 08:58:24,Product_422,Electronics,54.43,34,1,1850.62
110,368,2025-01-27 08:58:24,Product_368,Clothing,359.22,49,1,17601.78
111,422,2025-01-27 08:58:24,Product_422,Electronics,54.43,28,1,1524.04
112,477,2025-01-27 08:58:24,Product_477,Books,182.65,45,1,8219.25
113,199,2025-01-26 08:58:24,Product_199,Electronics,415.41,28,1,11631.48
114,248,2025-01-26 08:58:24,Product_248,Electronics,46.18,32,1,1477.76
115,318,2025-01-26 08:58:24,Product_318,Electronics,289.54,9,1,2605.86
116,438,2025-01-26 08:58:24,Product_438,Clothing,15.51,8,1,124.08
117,480,2025-01-26 08:58:24,Product_480,Toys,205.16,23,1,4718.68
118,204,2025-01-25 08:58:24,Product_204,Books,178.43,26,1,4639.18
119,30,2025-01-24 08:58:24,Product_30,Toys,49.27,12,1,591.24
120,297,2025-01-24 08:58:24,Product_297,Toys,239.47,3,1,718.41
121,376,2025-01-24 08:58:24,Product_376,Home Appliances,144.43,1,1,144.43
122,390,2025-01-24 08:58:24,Product_390,Home Appliances,139.43,26,1,3625.18
123,428,2025-01-24 08:58:24,Product_428,Home Appliances,237.91,47,1,11181.77
124,40,2025-01-23 08:58:24,Product_40,Clothing,362.17,33,1,11951.61
125,237,2025-01-23 08:58:24,Product_237,Electronics,245.51,25,1,6137.75
126,245,2025-01-23 08:58:24,Product_245,Books,88.66,29,1,2571.14
127,424,2025-01-23 08:58:24,Product_424,Books,44.58,13,1,579.54
128,327,2025-01-22 08:58:24,Product_327,Toys,370.97,3,1,1112.91
129,461,2025-01-22 08:58:24,Product_461,Books,76.82,48,1,3687.36
130,42,2025-01-21 08:58:24,Product_42,Home Appliances,460.98,18,1,8297.64
131,202,2025-01-21 08:58:24,Product_202,Clothing,445.16,5,1,2225.8
132,303,2025-01-21 08:58:24,Product_303,Books,416.87,32,1,13339.84
133,348,2025-01-21 08:58:24,Product_348,Toys,275.27,10,1,2752.7
134,389,2025-01-21 08:58:24,Product_389,Home Appliances,282.87,34,1,9617.58
135,34,2025-01-20 08:58:24,Product_34,Electronics,112.62,17,1,1914.54
136,59,2025-01-20 08:58:24,Product_59,Books,471.09,14,1,6595.26
137,70,2025-01-20 08:58:24,Product_70,Clothing,290.53,18,1,5229.54
138,358,2025-01-19 08:58:24,Product_358,Home Appliances,283.05,7,1,1981.35
139,95,2025-01-18 08:58:24,Product_95,Clothing,222.82,48,1,10695.36
140,126,2025-01-18 08:58:24,Product_126,Books,485.3,21,1,10191.3
141,263,2025-01-18 08:58:24,Product_263,Toys,146.3,26,1,3803.8
142,424,2025-01-18 08:58:24,Product_424,Books,44.58,10,1,445.8
143,64,2025-01-16 08:58:24,Product_64,Home Appliances,163.76,45,1,7369.2
144,96,2025-01-16 08:58:24,Product_96,Clothing,470.27,50,1,23513.5
145,479,2025-01-16 08:58:24,Product_479,Toys,477.85,8,1,3822.8
146,183,2025-01-15 08:58:24,Product_183,Books,147.34,33,1,4862.22
147,324,2025-01-15 08:58:24,Product_324,Toys,372.54,24,1,8940.96
148,364,2025-01-15 08:58:24,Product_364,Clothing,346.38,44,1,15240.72
149,374,2025-01-15 08:58:24,Product_374,Home Appliances,71.53,40,1,2861.2
150,411,2025-01-15 08:58:24,Product_411,Electronics,256.17,44,1,11271.48
151,468,2025-01-15 08:58:24,Product_468,Electronics,279.02,6,1,1674.12
152,265,2025-01-14 08:58:24,Product_265,Books,216.41,8,1,1731.28
153,430,2025-01-14 08:58:24,Product_430,Clothing,347.72,19,1,6606.68
154,131,2025-01-12 08:58:24,Product_131,Home Appliances,465.33,28,1,13029.24
155,197,2025-01-11 08:58:24,Product_197,Books,21.64,25,1,541.0
156,378,2025-01-11 08:58:24,Product_378,Electronics,493.85,8,1,3950.8
157,342,2025-01-10 08:58:24,Product_342,Clothing,65.49,33,1,2161.17
158,434,2025-01-10 08:58:24,Product_434,Clothing,453.3,12,1,5439.6
159,500,2025-01-10 08:58:24,Product_500,Books,100.74,19,1,1914.06
160,142,2025-01-09 08:58:24,Product_142,Clothing,489.51,26,1,12727.26
161,183,2025-01-09 08:58:24,Product_183,Books,147.34,1,1,147.34
162,184,2025-01-09 08:58:24,Product_184,Books,343.27,42,1,14417.34
163,221,2025-01-09 08:58:24,Product_221,Books,135.3,23,1,3111.9
164,282,2025-01-09 08:58:24,Product_282,Toys,288.36,18,1,5190.48
165,303,2025-01-09 08:58:24,Product_303,Books,416.87,9,1,3751.83
166,469,2025-01-09 08:58:24,Product_469,Toys,334.07,26,1,8685.82
167,11,2025-01-08 08:58:24,Product_11,Clothing,298.98,25,1,7474.5
168,284,2025-01-08 08:58:24,Product_284,Electronics,422.79,35,1,14797.65
169,291,2025-01-08 08:58:24,Product_291,Toys,432.74,29,1,12549.46
170,291,2025-01-07 08:58:24,Product_291,Toys,432.74,24,1,10385.76
171,428,2025-01-07 08:58:24,Product_428,Home Appliances,237.91,2,1,475.82
172,263,2025-01-04 08:58:24,Product_263,Toys,146.3,30,1,4389.0
173,436,2025-01-04 08:58:24,Product_436,Home Appliances,68.28,35,1,2389.8
174,96,2025-01-03 08:58:24,Product_96,Clothing,470.27,49,1,23043.23
175,418,2025-01-03 08:58:24,Product_418,Toys,264.58,34,1,8995.72
176,24,2025-01-02 08:58:24,Product_24,Clothing,156.21,11,1,1718.31
177,227,2025-01-02 08:58:24,Product_227,Books,32.55,17,1,553.35
178,238,2025-01-02 08:58:24,Product_238,Books,137.11,46,1,6307.06
179,392,2025-01-02 08:58:24,Product_392,Home Appliances,266.11,31,1,8249.41
180,409,2025-01-02 08:58:24,Product_409,Home Appliances,56.47,47,1,2654.09
181,69,2025-01-01 08:58:24,Product_69,Toys,341.9,24,1,8205.6
182,98,2025-01-01 08:58:24,Product_98,Home Appliances,32.33,25,1,808.25
183,187,2025-01-01 08:58:24,Product_187,Electronics,193.78,21,1,4069.38
184,364,2025-01-01 08:58:24,Product_364,Clothing,346.38,11,1,3810.18
185,69,2024-12-31 08:58:24,Product_69,Toys,341.9,11,1,3760.9
186,204,2024-12-31 08:58:24,Product_204,Books,178.43,46,1,8207.78
187,247,2024-12-31 08:58:24,Product_247,Home Appliances,115.23,8,1,921.84
188,66,2024-12-30 08:58:24,Product_66,Electronics,252.21,38,1,9583.98
189,146,2024-12-30 08:58:24,Product_146,Toys,468.75,25,1,11718.75
190,159,2024-12-30 08:58:24,Product_159,Electronics,95.13,26,1,2473.38
191,328,2024-12-30 08:58:24,Product_328,Toys,33.27,33,1,1097.91
192,95,2024-12-29 08:58:24,Product_95,Clothing,222.82,17,1,3787.94
193,351,2024-12-29 08:58:24,Product_351,Clothing,287.38,44,1,12644.72
194,414,2024-12-29 08:58:24,Product_414,Electronics,411.28,13,1,5346.64
195,483,2024-12-29 08:58:24,Product_483,Electronics,134.77,9,1,1212.93
196,192,2024-12-28 08:58:24,Product_192,Toys,234.74,43,1,10093.82
197,44,2024-12-27 08:58:24,Product_44,Home Appliances,401.21,22,1,8826.62
198,237,2024-12-27 08:58:24,Product_237,Electronics,245.51,31,1,7610.81
199,470,2024-12-27 08:58:24,Product_470,Electronics,108.39,17,1,1842.63
200,74,2024-12-26 08:58:24,Product_74,Electronics,245.37,24,1,5888.88
201,476,2024-12-26 08:58:24,Product_476,Electronics,117.02,35,1,4095.7
202,123,2024-12-25 08:58:24,Product_123,Toys,423.91,48,1,20347.68
203,126,2024-12-25 08:58:24,Product_126,Books,485.3,12,1,5823.6
204,449,2024-12-25 08:58:24,Product_449,Toys,393.19,39,1,15334.41
205,115,2024-12-24 08:58:24,Product_115,Clothing,25.88,46,1,1190.48
206,251,2024-12-24 08:58:24,Product_251,Books,359.45,7,1,2516.15
207,271,2024-12-24 08:58:24,Product_271,Electronics,474.64,49,1,23257.36
208,392,2024-12-24 08:58:24,Product_392,Home Appliances,266.11,45,1,11974.95
209,307,2024-12-23 08:58:24,Product_307,Clothing,250.44,36,1,9015.84
210,463,2024-12-23 08:58:24,Product_463,Home Appliances,84.42,26,1,2194.92
211,407,2024-12-22 08:58:24,Product_407,Toys,387.03,22,1,8514.66
212,114,2024-12-21 08:58:24,Product_114,Electronics,114.65,13,1,1490.45
213,271,2024-12-21 08:58:24,Product_271,Electronics,474.64,23,1,10916.72
214,278,2024-12-21 08:58:24,Product_278,Clothing,304.86,50,1,15243.0
215,292,2024-12-20 08:58:24,Product_292,Toys,294.44,5,1,1472.2
216,396,2024-12-20 08:58:24,Product_396,Books,475.78,16,1,7612.48
217,18,2024-12-19 08:58:24,Product_18,Home Appliances,439.13,36,1,15808.68
218,434,2024-12-19 08:58:24,Product_434,Clothing,453.3,39,1,17678.7
219,187,2024-12-18 08:58:24,Product_187,Electronics,193.78,10,1,1937.8
220,339,2024-12-18 08:58:24,Product_339,Toys,233.87,47,1,10991.89
221,361,2024-12-18 08:58:24,Product_361,Clothing,319.11,28,1,8935.08
222,260,2024-12-17 08:58:24,Product_260,Electronics,296.23,20,1,5924.6
223,412,2024-12-17 08:58:24,Product_412,Clothing,174.86,3,1,524.58
224,57,2024-12-16 08:58:24,Product_57,Electronics,129.39,43,1,5563.77
225,225,2024-12-16 08:58:24,Product_225,Clothing,219.19,1,1,219.19
226,299,2024-12-16 08:58:24,Product_299,Books,336.52,40,1,13460.8
227,325,2024-12-16 08:58:24,Product_325,Toys,315.37,9,1,2838.33
228,417,2024-12-16 08:58:24,Product_417,Clothing,194.7,12,1,2336.4
229,1,2024-12-15 08:58:24,Product_1,Clothing,149.52,20,1,2990.4
230,33,2024-12-15 08:58:24,Product_33,Home Appliances,170.39,19,1,3237.41
231,305,2024-12-15 08:58:24,Product_305,Clothing,160.73,23,1,3696.79
232,443,2024-12-15 08:58:24,Product_443,Home Appliances,54.2,41,1,2222.2
233,192,2024-12-14 08:58:24,Product_192,Toys,234.74,16,1,3755.84
234,253,2024-12-14 08:58:24,Product_253,Home Appliances,497.82,43,1,21406.26
235,344,2024-12-14 08:58:24,Product_344,Home Appliances,371.29,33,1,12252.57
236,415,2024-12-14 08:58:24,Product_415,Books,146.22,11,1,1608.42
237,491,2024-12-14 08:58:24,Product_491,Electronics,273.32,46,1,12572.72
238,149,2024-12-13 08:58:24,Product_149,Home Appliances,316.18,28,1,8853.04
239,416,2024-12-13 08:58:24,Product_416,Electronics,362.74,28,1,10156.72
240,293,2024-12-12 08:58:24,Product_293,Electronics,47.03,15,1,705.45
241,377,2024-12-12 08:58:24,Product_377,Home Appliances,388.54,39,1,15153.06
242,476,2024-12-12 08:58:24,Product_476,Electronics,117.02,49,1,5733.98
243,95,2024-12-11 08:58:24,Product_95,Clothing,222.82,42,1,9358.44
244,122,2024-12-11 08:58:24,Product_122,Toys,41.16,46,1,1893.36
245,147,2024-12-11 08:58:24,Product_147,Toys,458.81,8,1,3670.48
246,467,2024-12-11 08:58:24,Product_467,Toys,375.98,37,1,13911.26
247,92,2024-12-10 08:58:24,Product_92,Home Appliances,340.79,6,1,2044.74
248,279,2024-12-10 08:58:24,Product_279,Home Appliances,7.09,39,1,276.51
249,402,2024-12-09 08:58:24,Product_402,Electronics,199.51,41,1,8179.91
250,108,2024-12-08 08:58:24,Product_108,Home Appliances,456.74,38,1,17356.12
251,112,2024-12-08 08:58:24,Product_112,Clothing,79.96,28,1,2238.88
252,240,2024-12-07 08:58:24,Product_240,Electronics,417.38,30,1,12521.4
253,90,2024-12-06 08:58:24,Product_90,Electronics,303.05,1,1,303.05
254,90,2024-12-05 08:58:24,Product_90,Electronics,303.05,11,1,3333.55
255,207,2024-12-05 08:58:24,Product_207,Electronics,403.02,24,1,9672.48
256,390,2024-12-05 08:58:24,Product_390,Home Appliances,139.43,2,1,278.86
257,35,2024-12-04 08:58:24,Product_35,Toys,236.1,28,1,6610.8
258,311,2024-12-04 08:58:24,Product_311,Home Appliances,53.54,41,1,2195.14
259,133,2024-12-03 08:58:24,Product_133,Electronics,408.5,40,1,16340.0
260,224,2024-12-03 08:58:24,Product_224,Clothing,351.87,25,1,8796.75
261,220,2024-12-02 08:58:24,Product_220,Toys,356.05,18,1,6408.9
262,359,2024-12-02 08:58:24,Product_359,Home Appliances,428.06,7,1,2996.42
263,283,2024-11-30 08:58:24,Product_283,Books,396.45,15,1,5946.75
264,304,2024-11-30 08:58:24,Product_304,Toys,23.93,38,1,909.34
265,31,2024-11-29 08:58:24,Product_31,Books,477.03,28,1,13356.84
266,82,2024-11-29 08:58:24,Product_82,Toys,482.01,22,1,10604.22
267,105,2024-11-29 08:58:24,Product_105,Toys,245.39,46,1,11287.94
268,438,2024-11-29 08:58:24,Product_438,Clothing,15.51,45,1,697.95
269,289,2024-11-28 08:58:24,Product_289,Electronics,487.81,34,1,16585.54
270,430,2024-11-28 08:58:24,Product_430,Clothing,347.72,11,1,3824.92
271,31,2024-11-27 08:58:24,Product_31,Books,477.03,38,1,18127.14
272,202,2024-11-27 08:58:24,Product_202,Clothing,445.16,12,1,5341.92
273,215,2024-11-27 08:58:24,Product_215,Books,422.73,22,1,9300.06
274,367,2024-11-27 08:58:24,Product_367,Books,479.04,30,1,14371.2
275,402,2024-11-27 08:58:24,Product_402,Electronics,199.51,39,1,7780.89
276,474,2024-11-27 08:58:24,Product_474,Clothing,344.67,33,1,11374.11
277,134,2024-11-26 08:58:24,Product_134,Electronics,232.43,17,1,3951.31
278,468,2024-11-26 08:58:24,Product_468,Electronics,279.02,42,1,11718.84
279,479,2024-11-26 08:58:24,Product_479,Toys,477.85,4,1,1911.4
280,23,2024-11-25 08:58:24,Product_23,Books,434.39,10,1,4343.9
281,173,2024-11-25 08:58:24,Product_173,Clothing,495.16,30,1,14854.8
282,224,2024-11-25 08:58:24,Product_224,Clothing,351.87,11,1,3870.57
283,398,2024-11-25 08:58:24,Product_398,Home Appliances,82.28,4,1,329.12
284,112,2024-11-24 08:58:24,Product_112,Clothing,79.96,38,1,3038.48
285,311,2024-11-24 08:58:24,Product_311,Home Appliances,53.54,5,1,267.7
286,149,2024-11-23 08:58:24,Product_149,Home Appliances,316.18,41,1,12963.38
287,188,2024-11-23 08:58:24,Product_188,Books,171.19,6,1,1027.14
288,37,2024-11-22 08:58:24,Product_37,Toys,490.84,48,1,23560.32
289,263,2024-11-22 08:58:24,Product_263,Toys,146.3,50,1,7315.0
290,346,2024-11-22 08:58:24,Product_346,Books,438.87,24,1,10532.88
291,338,2024-11-21 08:58:24,Product_338,Electronics,166.37,43,1,7153.91
292,416,2024-11-21 08:58:24,Product_416,Electronics,362.74,3,1,1088.22
293,9,2024-11-19 08:58:24,Product_9,Clothing,486.31,26,1,12644.06
294,440,2024-11-19 08:58:24,Product_440,Electronics,381.6,37,1,14119.2
295,17,2024-11-18 08:58:24,Product_17,Books,477.12,33,1,15744.96
296,52,2024-11-18 08:58:24,Product_52,Electronics,205.44,10,1,2054.4
297,130,2024-11-18 08:58:24,Product_130,Home Appliances,135.59,41,1,5559.19
298,145,2024-11-18 08:58:24,Product_145,Electronics,275.36,37,1,10188.32
299,104,2024-11-17 08:58:24,Product_104,Clothing,476.07,2,1,952.14
300,120,2024-11-17 08:58:24,Product_120,Books,466.49,16,1,7463.84
301,196,2024-11-17 08:58:24,Product_196,Home Appliances,428.49,4,1,1713.96
302,317,2024-11-17 08:58:24,Product_317,Books,357.75,48,1,17172.0
303,395,2024-11-17 08:58:24,Product_395,Toys,128.35,30,1,3850.5
304,326,2024-11-16 08:58:24,Product_326,Toys,238.31,39,1,9294.09
305,370,2024-11-16 08:58:24,Product_370,Books,43.78,47,1,2057.66
306,480,2024-11-16 08:58:24,Product_480,Toys,205.16,46,1,9437.36
307,4,2024-11-15 08:58:24,Product_4,Clothing,194.24,31,1,6021.44
308,130,2024-11-15 08:58:24,Product_130,Home Appliances,135.59,25,1,3389.75
309,224,2024-11-15 08:58:24,Product_224,Clothing,351.87,36,1,12667.32
310,227,2024-11-14 08:58:24,Product_227,Books,32.55,4,1,130.2
311,439,2024-11-14 08:58:24,Product_439,Clothing,391.15,21,1,8214.15
312,126,2024-11-13 08:58:24,Product_126,Books,485.3,12,1,5823.6
313,252,2024-11-13 08:58:24,Product_252,Electronics,195.77,17,1,3328.09
314,297,2024-11-13 08:58:24,Product_297,Toys,239.47,30,1,7184.1
315,127,2024-11-12 08:58:24,Product_127,Clothing,186.28,40,1,7451.2
316,155,2024-11-12 08:58:24,Product_155,Toys,382.51,50,1,19125.5
317,338,2024-11-12 08:58:24,Product_338,Electronics,166.37,61,2,10148.57
318,418,2024-11-12 08:58:24,Product_418,Toys,264.58,29,1,7672.82
319,61,2024-11-11 08:58:24,Product_61,Clothing,174.33,10,1,1743.3
320,430,2024-11-11 08:58:24,Product_430,Clothing,347.72,33,1,11474.76
321,1,2024-11-10 08:58:24,Product_1,Clothing,149.52,45,1,6728.4
322,486,2024-11-10 08:58:24,Product_486,Electronics,126.13,14,1,1765.82
323,212,2024-11-09 08:58:24,Product_212,Home Appliances,245.1,21,1,5147.1
324,321,2024-11-09 08:58:24,Product_321,Home Appliances,282.69,21,1,5936.49
325,38,2024-11-08 08:58:24,Product_38,Home Appliances,185.72,2,1,371.44
326,452,2024-11-08 08:58:24,Product_452,Toys,28.79,37,1,1065.23
327,35,2024-11-07 08:58:24,Product_35,Toys,236.1,39,1,9207.9
328,142,2024-11-07 08:58:24,Product_142,Clothing,489.51,50,1,24475.5
329,15,2024-11-06 08:58:24,Product_15,Books,19.53,6,1,117.18
330,126,2024-11-06 08:58:24,Product_126,Books,485.3,27,1,13103.1
331,232,2024-11-06 08:58:24,Product_232,Electronics,458.6,25,1,11465.0
332,335,2024-11-06 08:58:24,Product_335,Books,409.35,3,1,1228.05
333,340,2024-11-06 08:58:24,Product_340,Clothing,21.8,35,1,763.0
334,42,2024-11-05 08:58:24,Product_42,Home Appliances,460.98,46,1,21205.08
335,249,2024-11-05 08:58:24,Product_249,Toys,405.82,31,1,12580.42
336,291,2024-11-05 08:58:24,Product_291,Toys,432.74,25,1,10818.5
337,338,2024-11-05 08:58:24,Product_338,Electronics,166.37,41,1,6821.17
338,369,2024-11-05 08:58:24,Product_369,Clothing,311.28,32,1,9960.96
339,133,2024-11-04 08:58:24,Product_133,Electronics,408.5,34,1,13889.0
340,297,2024-11-04 08:58:24,Product_297,Toys,239.47,25,1,5986.75
341,329,2024-11-04 08:58:24,Product_329,Home Appliances,480.29,29,1,13928.41
342,101,2024-11-03 08:58:24,Product_101,Books,243.33,30,1,7299.9
343,137,2024-11-03 08:58:24,Product_137,Clothing,357.98,6,1,2147.88
344,257,2024-11-03 08:58:24,Product_257,Electronics,205.54,13,1,2672.02
345,263,2024-11-03 08:58:24,Product_263,Toys,146.3,30,1,4389.0
346,175,2024-11-02 08:58:24,Product_175,Toys,423.72,7,1,2966.04
347,371,2024-11-02 08:58:24,Product_371,Electronics,256.08,48,1,12291.84
348,52,2024-11-01 08:58:24,Product_52,Electronics,205.44,7,1,1438.08
349,396,2024-11-01 08:58:24,Product_396,Books,475.78,1,1,475.78
350,49,2024-10-31 08:58:24,Product_49,Electronics,449.85,22,1,9896.7
351,189,2024-10-31 08:58:24,Product_189,Toys,335.32,32,1,10730.24
352,215,2024-10-31 08:58:24,Product_215,Books,422.73,35,1,14795.55
353,396,2024-10-31 08:58:24,Product_396,Books,475.78,10,1,4757.8
354,422,2024-10-31 08:58:24,Product_422,Electronics,54.43,12,1,653.16
355,462,2024-10-31 08:58:24,Product_462,Home Appliances,62.48,29,1,1811.92
356,130,2024-10-30 08:58:24,Product_130,Home Appliances,135.59,12,1,1627.08
357,271,2024-10-30 08:58:24,Product_271,Electronics,474.64,44,1,20884.16
358,431,2024-10-30 08:58:24,Product_431,Toys,480.82,14,1,6731.48
359,34,2024-10-29 08:58:24,Product_34,Electronics,112.62,2,1,225.24
360,238,2024-10-28 08:58:24,Product_238,Books,137.11,16,1,2193.76
361,282,2024-10-28 08:58:24,Product_282,Toys,288.36,14,1,4037.04
362,317,2024-10-28 08:58:24,Product_317,Books,357.75,5,1,1788.75
363,251,2024-10-27 08:58:24,Product_251,Books,359.45,43,1,15456.35
364,478,2024-10-27 08:58:24,Product_478,Books,242.82,15,1,3642.3
365,50,2024-10-26 08:58:24,Product_50,Clothing,174.37,20,1,3487.4
366,232,2024-10-26 08:58:24,Product_232,Electronics,458.6,23,1,10547.8
367,436,2024-10-26 08:58:24,Product_436,Home Appliances,68.28,17,1,1160.76
368,158,2024-10-25 08:58:24,Product_158,Home Appliances,181.15,39,1,7064.85
369,381,2024-10-25 08:58:24,Product_381,Clothing,303.94,2,1,607.88
370,423,2024-10-25 08:58:24,Product_423,Books,487.59,3,1,1462.77
371,27,2024-10-23 08:58:24,Product_27,Electronics,296.44,22,1,6521.68
372,312,2024-10-23 08:58:24,Product_312,Toys,277.88,31,1,8614.28
373,476,2024-10-23 08:58:24,Product_476,Electronics,117.02,1,1,117.02
374,304,2024-10-22 08:58:24,Product_304,Toys,23.93,5,1,119.65
375,30,2024-10-21 08:58:24,Product_30,Toys,49.27,49,1,2414.23
376,105,2024-10-21 08:58:24,Product_105,Toys,245.39,21,1,5153.19
377,260,2024-10-21 08:58:24,Product_260,Electronics,296.23,17,1,5035.91
378,67,2024-10-20 08:58:24,Product_67,Toys,25.45,5,1,127.25
379,178,2024-10-20 08:58:24,Product_178,Home Appliances,231.7,31,1,7182.7
380,189,2024-10-20 08:58:24,Product_189,Toys,335.32,37,1,12406.84
381,381,2024-10-19 08:58:24,Product_381,Clothing,303.94,21,1,6382.74
382,408,2024-10-19 08:58:24,Product_408,Books,347.84,23,1,8000.32
383,15,2024-10-18 08:58:24,Product_15,Books,19.53,35,1,683.55
384,368,2024-10-18 08:58:24,Product_368,Clothing,359.22,25,1,8980.5
385,479,2024-10-18 08:58:24,Product_479,Toys,477.85,48,1,22936.8
386,196,2024-10-17 08:58:24,Product_196,Home Appliances,428.49,17,1,7284.33
387,401,2024-10-17 08:58:24,Product_401,Electronics,498.38,40,1,19935.2
388,7,2024-10-16 08:58:24,Product_7,Clothing,222.05,41,1,9104.05
389,30,2024-10-16 08:58:24,Product_30,Toys,49.27,34,1,1675.18
390,201,2024-10-16 08:58:24,Product_201,Toys,211.95,24,1,5086.8
391,261,2024-10-16 08:58:24,Product_261,Books,224.22,33,1,7399.26
392,448,2024-10-16 08:58:24,Product_448,Clothing,236.87,45,1,10659.15
393,455,2024-10-16 08:58:24,Product_455,Electronics,276.32,4,1,1105.28
394,461,2024-10-16 08:58:24,Product_461,Books,76.82,12,1,921.84
395,490,2024-10-16 08:58:24,Product_490,Home Appliances,35.3,2,1,70.6
396,132,2024-10-13 08:58:24,Product_132,Clothing,114.86,17,1,1952.62
397,305,2024-10-13 08:58:24,Product_305,Clothing,160.73,17,1,2732.41
398,202,2024-10-11 08:58:24,Product_202,Clothing,445.16,4,1,1780.64
399,243,2024-10-11 08:58:24,Product_243,Books,39.69,21,1,833.49
400,267,2024-10-11 08:58:24,Product_267,Toys,123.27,8,1,986.16
401,315,2024-10-11 08:58:24,Product_315,Toys,380.86,20,1,7617.2
402,353,2024-10-11 08:58:24,Product_353,Books,13.53,38,1,514.14
403,459,2024-10-11 08:58:24,Product_459,Clothing,380.77,36,1,13707.72
404,118,2024-10-10 08:58:24,Product_118,Home Appliances,184.65,32,1,5908.8
405,154,2024-10-10 08:58:24,Product_154,Books,165.46,14,1,2316.44
406,274,2024-10-10 08:58:24,Product_274,Home Appliances,132.55,8,1,1060.4
407,383,2024-10-10 08:58:24,Product_383,Clothing,351.72,13,1,4572.36
408,430,2024-10-10 08:58:24,Product_430,Clothing,347.72,27,1,9388.44
409,94,2024-10-09 08:58:24,Product_94,Clothing,130.98,12,1,1571.76
410,184,2024-10-09 08:58:24,Product_184,Books,343.27,32,1,10984.64
411,273,2024-10-09 08:58:24,Product_273,Electronics,344.32,41,1,14117.12
412,351,2024-10-09 08:58:24,Product_351,Clothing,287.38,35,1,10058.3
413,22,2024-10-08 08:58:24,Product_22,Books,330.05,25,1,8251.25
414,49,2024-10-08 08:58:24,Product_49,Electronics,449.85,6,1,2699.1
415,267,2024-10-08 08:58:24,Product_267,Toys,123.27,32,1,3944.64
416,279,2024-10-08 08:58:24,Product_279,Home Appliances,7.09,4,1,28.36
417,357,2024-10-08 08:58:24,Product_357,Clothing,393.65,40,1,15746.0
418,397,2024-10-08 08:58:24,Product_397,Clothing,316.4,20,1,6328.0
419,124,2024-10-07 08:58:24,Product_124,Electronics,93.79,24,1,2250.96
420,193,2024-10-07 08:58:24,Product_193,Electronics,222.57,21,1,4673.97
421,419,2024-10-07 08:58:24,Product_419,Books,39.84,27,1,1075.68
422,15,2024-10-06 08:58:24,Product_15,Books,19.53,42,1,820.26
423,311,2024-10-06 08:58:24,Product_311,Home Appliances,53.54,28,1,1499.12
424,464,2024-10-06 08:58:24,Product_464,Home Appliances,414.07,42,1,17390.94
425,174,2024-10-05 08:58:24,Product_174,Books,244.03,37,1,9029.11
426,256,2024-10-05 08:58:24,Product_256,Electronics,58.25,10,1,582.5
427,312,2024-10-05 08:58:24,Product_312,Toys,277.88,18,1,5001.84
428,55,2024-10-04 08:58:24,Product_55,Home Appliances,127.75,11,1,1405.25
429,222,2024-10-04 08:58:24,Product_222,Clothing,172.75,23,1,3973.25
430,22,2024-10-02 08:58:24,Product_22,Books,330.05,7,1,2310.35
431,270,2024-10-02 08:58:24,Product_270,Electronics,402.31,5,1,2011.55
432,451,2024-10-02 08:58:24,Product_451,Toys,338.78,11,1,3726.58
433,199,2024-10-01 08:58:24,Product_199,Electronics,415.41,46,1,19108.86
434,285,2024-10-01 08:58:24,Product_285,Toys,290.84,21,1,6107.64
435,56,2024-09-30 08:58:24,Product_56,Home Appliances,317.47,31,1,9841.57
436,373,2024-09-30 08:58:24,Product_373,Toys,96.68,23,1,2223.64
437,472,2024-09-30 08:58:24,Product_472,Toys,426.62,10,1,4266.2
438,489,2024-09-30 08:58:24,Product_489,Books,29.79,21,1,625.59
439,111,2024-09-29 08:58:24,Product_111,Home Appliances,455.17,29,1,13199.93
440,416,2024-09-29 08:58:24,Product_416,Electronics,362.74,5,1,1813.7
441,491,2024-09-29 08:58:24,Product_491,Electronics,273.32,5,1,1366.6
442,380,2024-09-28 08:58:24,Product_380,Electronics,34.02,23,1,782.46
443,387,2024-09-28 08:58:24,Product_387,Toys,390.62,20,1,7812.4
444,374,2024-09-27 08:58:24,Product_374,Home Appliances,71.53,24,1,1716.72
445,144,2024-09-26 08:58:24,Product_144,Electronics,60.67,13,1,788.71
446,278,2024-09-26 08:58:24,Product_278,Clothing,304.86,3,1,914.58
447,312,2024-09-26 08:58:24,Product_312,Toys,277.88,33,1,9170.04
448,64,2024-09-25 08:58:24,Product_64,Home Appliances,163.76,49,1,8024.24
449,79,2024-09-25 08:58:24,Product_79,Home Appliances,100.66,25,1,2516.5
450,259,2024-09-25 08:58:24,Product_259,Clothing,453.27,41,1,18584.07
451,9,2024-09-24 08:58:24,Product_9,Clothing,486.31,3,1,1458.93
452,63,2024-09-24 08:58:24,Product_63,Toys,61.57,6,1,369.42
453,149,2024-09-24 08:58:24,Product_149,Home Appliances,316.18,49,1,15492.82
454,338,2024-09-24 08:58:24,Product_338,Electronics,166.37,29,1,4824.73
455,314,2024-09-23 08:58:24,Product_314,Toys,101.51,43,1,4364.93
456,391,2024-09-23 08:58:24,Product_391,Toys,467.54,36,1,16831.44
457,262,2024-09-22 08:58:24,Product_262,Electronics,98.79,12,1,1185.48
458,298,2024-09-22 08:58:24,Product_298,Books,308.77,39,1,12042.03
459,370,2024-09-22 08:58:24,Product_370,Books,43.78,50,1,2189.0
460,428,2024-09-22 08:58:24,Product_428,Home Appliances,237.91,39,1,9278.49
461,429,2024-09-22 08:58:24,Product_429,Electronics,145.35,44,1,6395.4
462,17,2024-09-21 08:58:24,Product_17,Books,477.12,1,1,477.12
463,32,2024-09-21 08:58:24,Product_32,Home Appliances,375.67,44,1,16529.48
464,284,2024-09-21 08:58:24,Product_284,Electronics,422.79,47,1,19871.13
465,60,2024-09-19 08:58:24,Product_60,Electronics,100.8,19,1,1915.2
466,158,2024-09-19 08:58:24,Product_158,Home Appliances,181.15,40,1,7246.0
467,116,2024-09-18 08:58:24,Product_116,Clothing,136.57,20,1,2731.4
468,126,2024-09-17 08:58:24,Product_126,Books,485.3,34,1,16500.2
469,195,2024-09-16 08:58:24,Product_195,Books,327.35,43,1,14076.05
470,324,2024-09-16 08:58:24,Product_324,Toys,372.54,47,1,17509.38
471,464,2024-09-16 08:58:24,Product_464,Home Appliances,414.07,20,1,8281.4
472,77,2024-09-15 08:58:24,Product_77,Electronics,377.27,37,1,13958.99
473,100,2024-09-15 08:58:24,Product_100,Books,32.92,33,1,1086.36
474,151,2024-09-15 08:58:24,Product_151,Books,299.18,23,1,6881.14
475,156,2024-09-15 08:58:24,Product_156,Books,9.99,7,1,69.93
476,15,2024-09-14 08:58:24,Product_15,Books,19.53,39,1,761.67
477,192,2024-09-14 08:58:24,Product_192,Toys,234.74,35,1,8215.9
478,201,2024-09-14 08:58:24,Product_201,Toys,211.95,24,1,5086.8
479,232,2024-09-14 08:58:24,Product_232,Electronics,458.6,12,1,5503.2
480,252,2024-09-14 08:58:24,Product_252,Electronics,195.77,45,1,8809.65
481,309,2024-09-14 08:58:24,Product_309,Toys,271.73,38,1,10325.74
482,339,2024-09-14 08:58:24,Product_339,Toys,233.87,20,1,4677.4
483,104,2024-09-13 08:58:24,Product_104,Clothing,476.07,24,1,11425.68
484,210,2024-09-13 08:58:24,Product_210,Electronics,438.65,23,1,10088.95
485,220,2024-09-13 08:58:24,Product_220,Toys,356.05,34,1,12105.7
486,444,2024-09-13 08:58:24,Product_444,Clothing,400.21,31,1,12406.51
487,121,2024-09-12 08:58:24,Product_121,Clothing,40.92,32,1,1309.44
488,168,2024-09-12 08:58:24,Product_168,Home Appliances,423.52,31,1,13129.12
489,8,2024-09-11 08:58:24,Product_8,Electronics,463.03,9,1,4167.27
490,228,2024-09-11 08:58:24,Product_228,Clothing,209.4,48,1,10051.2
491,368,2024-09-11 08:58:24,Product_368,Clothing,359.22,18,1,6465.96
492,445,2024-09-11 08:58:24,Product_445,Clothing,304.08,5,1,1520.4
493,44,2024-09-10 08:58:24,Product_44,Home Appliances,401.21,47,1,18856.87
494,120,2024-09-10 08:58:24,Product_120,Books,466.49,46,1,21458.54
495,435,2024-09-10 08:58:24,Product_435,Toys,68.09,6,1,408.54
496,32,2024-09-09 08:58:24,Product_32,Home Appliances,375.67,45,1,16905.15
497,51,2024-09-09 08:58:24,Product_51,Toys,186.99,31,1,5796.69
498,163,2024-09-09 08:58:24,Product_163,Home Appliances,385.69,17,1,6556.73
499,190,2024-09-08 08:58:24,Product_190,Electronics,147.46,48,1,7078.08
500,133,2024-09-07 08:58:24,Product_133,Electronics,408.5,26,1,10621.0
501,405,2024-09-05 08:58:24,Product_405,Electronics,28.61,14,1,400.54
502,480,2024-09-05 08:58:24,Product_480,Toys,205.16,17,1,3487.72
503,491,2024-09-05 08:58:24,Product_491,Electronics,273.32,21,1,5739.72
504,54,2024-09-04 08:58:24,Product_54,Toys,53.44,16,1,855.04
505,282,2024-09-04 08:58:24,Product_282,Toys,288.36,36,1,10380.96
506,338,2024-09-04 08:58:24,Product_338,Electronics,166.37,43,1,7153.91
507,207,2024-09-03 08:58:24,Product_207,Electronics,403.02,4,1,1612.08
508,171,2024-09-02 08:58:24,Product_171,Electronics,344.7,10,1,3447.0
509,327,2024-09-02 08:58:24,Product_327,Toys,370.97,37,1,13725.89
510,331,2024-09-02 08:58:24,Product_331,Books,332.47,6,1,1994.82
511,343,2024-09-02 08:58:24,Product_343,Electronics,324.87,1,1,324.87
512,488,2024-09-02 08:58:24,Product_488,Home Appliances,471.64,40,1,18865.6
513,27,2024-09-01 08:58:24,Product_27,Electronics,296.44,49,1,14525.56
514,37,2024-09-01 08:58:24,Product_37,Toys,490.84,10,1,4908.4
515,337,2024-09-01 08:58:24,Product_337,Toys,480.13,12,1,5761.56
516,361,2024-08-31 08:58:24,Product_361,Clothing,319.11,34,1,10849.74
517,46,2024-08-30 08:58:24,Product_46,Toys,224.26,28,1,6279.28
518,147,2024-08-30 08:58:24,Product_147,Toys,458.81,42,1,19270.02
519,64,2024-08-29 08:58:24,Product_64,Home Appliances,163.76,20,1,3275.2
520,201,2024-08-29 08:58:24,Product_201,Toys,211.95,13,1,2755.35
521,296,2024-08-29 08:58:24,Product_296,Electronics,308.04,26,1,8009.04
522,287,2024-08-28 08:58:24,Product_287,Clothing,473.68,48,1,22736.64
523,358,2024-08-28 08:58:24,Product_358,Home Appliances,283.05,38,1,10755.9
524,500,2024-08-27 08:58:24,Product_500,Books,100.74,27,1,2719.98
525,166,2024-08-26 08:58:24,Product_166,Books,316.69,22,1,6967.18
526,257,2024-08-26 08:58:24,Product_257,Electronics,205.54,31,1,6371.74
527,346,2024-08-26 08:58:24,Product_346,Books,438.87,11,1,4827.57
528,479,2024-08-26 08:58:24,Product_479,Toys,477.85,23,1,10990.55
529,328,2024-08-25 08:58:24,Product_328,Toys,33.27,22,1,731.94
530,346,2024-08-25 08:58:24,Product_346,Books,438.87,36,1,15799.32
531,355,2024-08-25 08:58:24,Product_355,Electronics,160.29,48,1,7693.92
532,487,2024-08-25 08:58:24,Product_487,Electronics,493.38,20,1,9867.6
533,391,2024-08-24 08:58:24,Product_391,Toys,467.54,1,1,467.54
534,414,2024-08-24 08:58:24,Product_414,Electronics,411.28,28,1,11515.84
535,55,2024-08-23 08:58:24,Product_55,Home Appliances,127.75,49,1,6259.75
536,266,2024-08-23 08:58:24,Product_266,Home Appliances,236.44,36,1,8511.84
537,29,2024-08-22 08:58:24,Product_29,Books,244.93,43,1,10531.99
538,70,2024-08-22 08:58:24,Product_70,Clothing,290.53,26,1,7553.78
539,271,2024-08-22 08:58:24,Product_271,Electronics,474.64,35,1,16612.4
540,454,2024-08-22 08:58:24,Product_454,Electronics,393.79,45,1,17720.55
541,343,2024-08-20 08:58:24,Product_343,Electronics,324.87,13,1,4223.31
542,355,2024-08-20 08:58:24,Product_355,Electronics,160.29,19,1,3045.51
543,454,2024-08-20 08:58:24,Product_454,Electronics,393.79,32,1,12601.28
544,40,2024-08-19 08:58:24,Product_40,Clothing,362.17,44,1,15935.48
545,115,2024-08-19 08:58:24,Product_115,Clothing,25.88,22,1,569.36
546,360,2024-08-19 08:58:24,Product_360,Home Appliances,228.59,31,1,7086.29
547,486,2024-08-19 08:58:24,Product_486,Electronics,126.13,4,1,504.52
548,92,2024-08-18 08:58:24,Product_92,Home Appliances,340.79,32,1,10905.28
549,149,2024-08-18 08:58:24,Product_149,Home Appliances,316.18,19,1,6007.42
550,162,2024-08-18 08:58:24,Product_162,Home Appliances,90.34,8,1,722.72
551,184,2024-08-18 08:58:24,Product_184,Books,343.27,49,1,16820.23
552,401,2024-08-18 08:58:24,Product_401,Electronics,498.38,36,1,17941.68
553,174,2024-08-17 08:58:24,Product_174,Books,244.03,22,1,5368.66
554,47,2024-08-16 08:58:24,Product_47,Clothing,309.75,11,1,3407.25
555,51,2024-08-16 08:58:24,Product_51,Toys,186.99,30,1,5609.7
556,318,2024-08-16 08:58:24,Product_318,Electronics,289.54,27,1,7817.58
557,374,2024-08-16 08:58:24,Product_374,Home Appliances,71.53,39,1,2789.67
558,311,2024-08-15 08:58:24,Product_311,Home Appliances,53.54,9,1,481.86
559,183,2024-08-13 08:58:24,Product_183,Books,147.34,9,1,1326.06
560,141,2024-08-12 08:58:24,Product_141,Books,204.85,14,1,2867.9
561,173,2024-08-12 08:58:24,Product_173,Clothing,495.16,27,1,13369.32
562,206,2024-08-12 08:58:24,Product_206,Home Appliances,426.45,33,1,14072.85
563,335,2024-08-11 08:58:24,Product_335,Books,409.35,12,1,4912.2
564,129,2024-08-10 08:58:24,Product_129,Clothing,289.0,12,1,3468.0
565,232,2024-08-10 08:58:24,Product_232,Electronics,458.6,46,1,21095.6
566,461,2024-08-10 08:58:24,Product_461,Books,76.82,4,1,307.28
567,195,2024-08-09 08:58:24,Product_195,Books,327.35,33,1,10802.55
568,222,2024-08-09 08:58:24,Product_222,Clothing,172.75,44,1,7601.0
569,466,2024-08-09 08:58:24,Product_466,Clothing,476.79,47,1,22409.13
570,167,2024-08-08 08:58:24,Product_167,Electronics,82.92,14,1,1160.88
571,197,2024-08-08 08:58:24,Product_197,Books,21.64,13,1,281.32
572,366,2024-08-08 08:58:24,Product_366,Books,375.05,12,1,4500.6
573,382,2024-08-08 08:58:24,Product_382,Home Appliances,307.16,47,1,14436.52
574,396,2024-08-07 08:58:24,Product_396,Books,475.78,31,1,14749.18
575,126,2024-08-06 08:58:24,Product_126,Books,485.3,35,1,16985.5
576,374,2024-08-06 08:58:24,Product_374,Home Appliances,71.53,29,1,2074.37
577,494,2024-08-06 08:58:24,Product_494,Clothing,376.93,25,1,9423.25
578,137,2024-08-05 08:58:24,Product_137,Clothing,357.98,43,1,15393.14
579,219,2024-08-05 08:58:24,Product_219,Toys,99.78,7,1,698.46
580,433,2024-08-05 08:58:24,Product_433,Home Appliances,370.33,40,1,14813.2
581,474,2024-08-05 08:58:24,Product_474,Clothing,344.67,37,1,12752.79
582,102,2024-08-04 08:58:24,Product_102,Toys,12.04,34,1,409.36
583,283,2024-08-04 08:58:24,Product_283,Books,396.45,16,1,6343.2
584,309,2024-08-04 08:58:24,Product_309,Toys,271.73,29,1,7880.17
585,451,2024-08-04 08:58:24,Product_451,Toys,338.78,21,1,7114.38
586,477,2024-08-04 08:58:24,Product_477,Books,182.65,49,1,8949.85
587,487,2024-08-04 08:58:24,Product_487,Electronics,493.38,30,1,14801.4
588,196,2024-08-03 08:58:24,Product_196,Home Appliances,428.49,21,1,8998.29
589,252,2024-08-03 08:58:24,Product_252,Electronics,195.77,45,1,8809.65
590,415,2024-08-03 08:58:24,Product_415,Books,146.22,4,1,584.88
591,196,2024-08-02 08:58:24,Product_196,Home Appliances,428.49,44,1,18853.56
592,399,2024-08-02 08:58:24,Product_399,Books,486.33,37,1,17994.21
593,30,2024-08-01 08:58:24,Product_30,Toys,49.27,48,1,2364.96
594,101,2024-08-01 08:58:24,Product_101,Books,243.33,26,1,6326.58
595,297,2024-08-01 08:58:24,Product_297,Toys,239.47,3,1,718.41
596,352,2024-08-01 08:58:24,Product_352,Books,188.35,50,1,9417.5
597,1,2024-07-31 08:58:24,Product_1,Clothing,149.52,35,1,5233.2
598,230,2024-07-31 08:58:24,Product_230,Books,205.96,47,1,9680.12
599,219,2024-07-30 08:58:24,Product_219,Toys,99.78,20,1,1995.6
600,462,2024-07-30 08:58:24,Product_462,Home Appliances,62.48,38,1,2374.24
601,466,2024-07-30 08:58:24,Product_466,Clothing,476.79,12,1,5721.48
602,170,2024-07-29 08:58:24,Product_170,Books,9.35,1,1,9.35
603,121,2024-07-28 08:58:24,Product_121,Clothing,40.92,32,1,1309.44
604,375,2024-07-28 08:58:24,Product_375,Toys,149.74,46,1,6888.04
605,32,2024-07-27 08:58:24,Product_32,Home Appliances,375.67,3,1,1127.01
606,170,2024-07-27 08:58:24,Product_170,Books,9.35,6,1,56.1
607,136,2024-07-26 08:58:24,Product_136,Clothing,71.15,4,1,284.6
608,147,2024-07-26 08:58:24,Product_147,Toys,458.81,5,1,2294.05
609,273,2024-07-26 08:58:24,Product_273,Electronics,344.32,51,2,17560.32
610,21,2024-07-25 08:58:24,Product_21,Electronics,104.65,8,1,837.2
611,475,2024-07-25 08:58:24,Product_475,Home Appliances,370.37,46,1,17037.02
612,483,2024-07-25 08:58:24,Product_483,Electronics,134.77,2,1,269.54
613,33,2024-07-24 08:58:24,Product_33,Home Appliances,170.39,38,1,6474.82
614,142,2024-07-24 08:58:24,Product_142,Clothing,489.51,32,1,15664.32
615,158,2024-07-24 08:58:24,Product_158,Home Appliances,181.15,34,1,6159.1
616,166,2024-07-24 08:58:24,Product_166,Books,316.69,8,1,2533.52
617,260,2024-07-23 08:58:24,Product_260,Electronics,296.23,46,1,13626.58
618,448,2024-07-23 08:58:24,Product_448,Clothing,236.87,32,1,7579.84
619,489,2024-07-23 08:58:24,Product_489,Books,29.79,9,1,268.11
620,111,2024-07-22 08:58:24,Product_111,Home Appliances,455.17,46,1,20937.82
621,443,2024-07-22 08:58:24,Product_443,Home Appliances,54.2,30,1,1626.0
622,111,2024-07-21 08:58:24,Product_111,Home Appliances,455.17,33,1,15020.61
623,439,2024-07-21 08:58:24,Product_439,Clothing,391.15,27,1,10561.05
624,21,2024-07-20 08:58:24,Product_21,Electronics,104.65,28,1,2930.2
625,102,2024-07-20 08:58:24,Product_102,Toys,12.04,45,1,541.8
626,422,2024-07-20 08:58:24,Product_422,Electronics,54.43,13,1,707.59
627,492,2024-07-20 08:58:24,Product_492,Books,74.46,6,1,446.76
628,155,2024-07-19 08:58:24,Product_155,Toys,382.51,41,1,15682.91
629,217,2024-07-19 08:58:24,Product_217,Books,259.85,26,1,6756.1
630,279,2024-07-19 08:58:24,Product_279,Home Appliances,7.09,35,1,248.15
631,351,2024-07-18 08:58:24,Product_351,Clothing,287.38,38,1,10920.44
632,469,2024-07-18 08:58:24,Product_469,Toys,334.07,30,1,10022.1
633,325,2024-07-17 08:58:24,Product_325,Toys,315.37,42,1,13245.54
634,373,2024-07-17 08:58:24,Product_373,Toys,96.68,38,1,3673.84
635,165,2024-07-16 08:58:24,Product_165,Books,86.23,29,1,2500.67
636,248,2024-07-16 08:58:24,Product_248,Electronics,46.18,27,1,1246.86
637,282,2024-07-16 08:58:24,Product_282,Toys,288.36,22,1,6343.92
638,498,2024-07-15 08:58:24,Product_498,Toys,389.16,25,1,9729.0
639,120,2024-07-14 08:58:24,Product_120,Books,466.49,39,1,18193.11
640,340,2024-07-14 08:58:24,Product_340,Clothing,21.8,20,1,436.0
641,445,2024-07-14 08:58:24,Product_445,Clothing,304.08,13,1,3953.04
642,462,2024-07-14 08:58:24,Product_462,Home Appliances,62.48,6,1,374.88
643,443,2024-07-13 08:58:24,Product_443,Home Appliances,54.2,34,1,1842.8
644,37,2024-07-12 08:58:24,Product_37,Toys,490.84,21,1,10307.64
645,190,2024-07-12 08:58:24,Product_190,Electronics,147.46,43,1,6340.78
646,61,2024-07-11 08:58:24,Product_61,Clothing,174.33,41,1,7147.53
647,397,2024-07-11 08:58:24,Product_397,Clothing,316.4,33,1,10441.2
648,2,2024-07-10 08:58:24,Product_2,Clothing,316.17,4,1,1264.68
649,177,2024-07-10 08:58:24,Product_177,Books,159.84,40,1,6393.6
650,467,2024-07-09 08:58:24,Product_467,Toys,375.98,16,1,6015.68
651,300,2024-07-08 08:58:24,Product_300,Toys,407.69,25,1,10192.25
652,319,2024-07-08 08:58:24,Product_319,Clothing,116.52,29,1,3379.08
653,376,2024-07-08 08:58:24,Product_376,Home Appliances,144.43,45,1,6499.35
654,192,2024-07-07 08:58:24,Product_192,Toys,234.74,2,1,469.48
655,101,2024-07-06 08:58:24,Product_101,Books,243.33,2,1,486.66
656,181,2024-07-06 08:58:24,Product_181,Home Appliances,238.6,43,1,10259.8
657,418,2024-07-06 08:58:24,Product_418,Toys,264.58,29,1,7672.82
658,451,2024-07-06 08:58:24,Product_451,Toys,338.78,17,1,5759.26
659,476,2024-07-06 08:58:24,Product_476,Electronics,117.02,16,1,1872.32
660,1,2024-07-05 08:58:24,Product_1,Clothing,149.52,14,1,2093.28
661,148,2024-07-05 08:58:24,Product_148,Electronics,143.8,45,1,6471.0
662,450,2024-07-05 08:58:24,Product_450,Toys,394.82,33,1,13029.06
663,122,2024-07-04 08:58:24,Product_122,Toys,41.16,48,1,1975.68
664,158,2024-07-04 08:58:24,Product_158,Home Appliances,181.15,2,1,362.3
665,201,2024-07-04 08:58:24,Product_201,Toys,211.95,4,1,847.8
666,322,2024-07-04 08:58:24,Product_322,Home Appliances,497.11,14,1,6959.54
667,402,2024-07-04 08:58:24,Product_402,Electronics,199.51,47,1,9376.97
668,426,2024-07-04 08:58:24,Product_426,Books,161.99,16,1,2591.84
669,29,2024-07-03 08:58:24,Product_29,Books,244.93,46,1,11266.78
670,67,2024-07-03 08:58:24,Product_67,Toys,25.45,12,1,305.4
671,171,2024-07-03 08:58:24,Product_171,Electronics,344.7,11,1,3791.7
672,186,2024-07-03 08:58:24,Product_186,Toys,340.04,41,1,13941.64
673,185,2024-07-02 08:58:24,Product_185,Books,236.09,47,1,11096.23
674,133,2024-07-01 08:58:24,Product_133,Electronics,408.5,26,1,10621.0
675,146,2024-07-01 08:58:24,Product_146,Toys,468.75,8,1,3750.0
676,370,2024-06-30 08:58:24,Product_370,Books,43.78,15,1,656.7
677,378,2024-06-28 08:58:24,Product_378,Electronics,493.85,43,1,21235.55
678,418,2024-06-28 08:58:24,Product_418,Toys,264.58,21,1,5556.18
679,443,2024-06-28 08:58:24,Product_443,Home Appliances,54.2,6,1,325.2
680,30,2024-06-27 08:58:24,Product_30,Toys,49.27,32,1,1576.64
681,336,2024-06-26 08:58:24,Product_336,Toys,220.02,25,1,5500.5
682,84,2024-06-25 08:58:24,Product_84,Books,440.2,46,1,20249.2
683,149,2024-06-25 08:58:24,Product_149,Home Appliances,316.18,23,1,7272.14
684,484,2024-06-24 08:58:24,Product_484,Electronics,77.03,9,1,693.27
685,489,2024-06-24 08:58:24,Product_489,Books,29.79,9,1,268.11
686,12,2024-06-23 08:58:24,Product_12,Electronics,322.08,9,1,2898.72
687,218,2024-06-23 08:58:24,Product_218,Electronics,336.03,27,1,9072.81
688,262,2024-06-23 08:58:24,Product_262,Electronics,98.79,22,1,2173.38
689,321,2024-06-23 08:58:24,Product_321,Home Appliances,282.69,4,1,1130.76
690,149,2024-06-22 08:58:24,Product_149,Home Appliances,316.18,40,1,12647.2
691,347,2024-06-22 08:58:24,Product_347,Clothing,341.09,31,1,10573.79
692,434,2024-06-22 08:58:24,Product_434,Clothing,453.3,42,1,19038.6
693,46,2024-06-19 08:58:24,Product_46,Toys,224.26,32,1,7176.32
694,283,2024-06-19 08:58:24,Product_283,Books,396.45,18,1,7136.1
695,115,2024-06-18 08:58:24,Product_115,Clothing,25.88,27,1,698.76
696,219,2024-06-18 08:58:24,Product_219,Toys,99.78,21,1,2095.38
697,143,2024-06-17 08:58:24,Product_143,Home Appliances,411.97,40,1,16478.8
698,200,2024-06-17 08:58:24,Product_200,Home Appliances,449.54,2,1,899.08
699,246,2024-06-17 08:58:24,Product_246,Home Appliances,293.87,39,1,11460.93
700,341,2024-06-17 08:58:24,Product_341,Books,18.25,29,1,529.25
701,373,2024-06-17 08:58:24,Product_373,Toys,96.68,42,1,4060.56
702,491,2024-06-17 08:58:24,Product_491,Electronics,273.32,48,1,13119.36
703,230,2024-06-16 08:58:24,Product_230,Books,205.96,7,1,1441.72
704,267,2024-06-16 08:58:24,Product_267,Toys,123.27,7,1,862.89
705,478,2024-06-16 08:58:24,Product_478,Books,242.82,12,1,2913.84
706,304,2024-06-15 08:58:24,Product_304,Toys,23.93,10,1,239.3
707,142,2024-06-14 08:58:24,Product_142,Clothing,489.51,18,1,8811.18
708,207,2024-06-14 08:58:24,Product_207,Electronics,403.02,9,1,3627.18
709,255,2024-06-14 08:58:24,Product_255,Books,473.46,41,1,19411.86
710,328,2024-06-14 08:58:24,Product_328,Toys,33.27,4,1,133.08
711,410,2024-06-14 08:58:24,Product_410,Toys,408.75,48,1,19620.0
712,144,2024-06-13 08:58:24,Product_144,Electronics,60.67,31,1,1880.77
713,254,2024-06-13 08:58:24,Product_254,Books,493.25,12,1,5919.0
714,288,2024-06-13 08:58:24,Product_288,Books,249.51,37,1,9231.87
715,45,2024-06-12 08:58:24,Product_45,Books,211.48,44,1,9305.12
716,252,2024-06-12 08:58:24,Product_252,Electronics,195.77,4,1,783.08
717,282,2024-06-12 08:58:24,Product_282,Toys,288.36,14,1,4037.04
718,8,2024-06-11 08:58:24,Product_8,Electronics,463.03,32,1,14816.96
719,422,2024-06-11 08:58:24,Product_422,Electronics,54.43,16,1,870.88
720,13,2024-06-10 08:58:24,Product_13,Electronics,102.94,21,1,2161.74
721,64,2024-06-10 08:58:24,Product_64,Home Appliances,163.76,46,1,7532.96
722,90,2024-06-10 08:58:24,Product_90,Electronics,303.05,23,1,6970.15
723,305,2024-06-10 08:58:24,Product_305,Clothing,160.73,62,2,9965.26
724,1,2024-06-09 08:58:24,Product_1,Clothing,149.52,46,1,6877.92
725,303,2024-06-09 08:58:24,Product_303,Books,416.87,43,1,17925.41
726,382,2024-06-09 08:58:24,Product_382,Home Appliances,307.16,24,1,7371.84
727,72,2024-06-08 08:58:24,Product_72,Clothing,97.46,32,1,3118.72
728,240,2024-06-07 08:58:24,Product_240,Electronics,417.38,44,1,18364.72
729,379,2024-06-07 08:58:24,Product_379,Toys,142.05,45,1,6392.25
730,73,2024-06-06 08:58:24,Product_73,Toys,342.36,4,1,1369.44
731,188,2024-06-06 08:58:24,Product_188,Books,171.19,5,1,855.95
732,376,2024-06-06 08:58:24,Product_376,Home Appliances,144.43,24,1,3466.32
733,429,2024-06-06 08:58:24,Product_429,Electronics,145.35,32,1,4651.2
734,430,2024-06-06 08:58:24,Product_430,Clothing,347.72,50,1,17386.0
735,460,2024-06-06 08:58:24,Product_460,Electronics,275.91,18,1,4966.38
736,229,2024-06-05 08:58:24,Product_229,Electronics,204.11,32,1,6531.52
737,382,2024-06-05 08:58:24,Product_382,Home Appliances,307.16,25,1,7679.0
738,406,2024-06-05 08:58:24,Product_406,Books,476.2,43,1,20476.6
739,456,2024-06-05 08:58:24,Product_456,Toys,97.86,46,1,4501.56
740,444,2024-06-04 08:58:24,Product_444,Clothing,400.21,9,1,3601.89
741,269,2024-06-03 08:58:24,Product_269,Toys,498.17,39,1,19428.63
742,302,2024-06-03 08:58:24,Product_302,Clothing,306.46,24,1,7355.04
743,16,2024-06-02 08:58:24,Product_16,Home Appliances,363.89,34,1,12372.26
744,41,2024-06-02 08:58:24,Product_41,Home Appliances,257.01,41,1,10537.41
745,59,2024-06-02 08:58:24,Product_59,Books,471.09,40,1,18843.6
746,136,2024-06-02 08:58:24,Product_136,Clothing,71.15,47,1,3344.05
747,154,2024-06-02 08:58:24,Product_154,Books,165.46,27,1,4467.42
748,341,2024-06-02 08:58:24,Product_341,Books,18.25,38,1,693.5
749,388,2024-06-02 08:58:24,Product_388,Home Appliances,455.51,10,1,4555.1
750,443,2024-06-02 08:58:24,Product_443,Home Appliances,54.2,13,1,704.6
751,494,2024-06-01 08:58:24,Product_494,Clothing,376.93,37,1,13946.41
752,44,2024-05-31 08:58:24,Product_44,Home Appliances,401.21,15,1,6018.15
753,374,2024-05-31 08:58:24,Product_374,Home Appliances,71.53,15,1,1072.95
754,393,2024-05-31 08:58:24,Product_393,Toys,336.13,36,1,12100.68
755,487,2024-05-31 08:58:24,Product_487,Electronics,493.38,32,1,15788.16
756,36,2024-05-30 08:58:24,Product_36,Toys,361.85,16,1,5789.6
757,79,2024-05-30 08:58:24,Product_79,Home Appliances,100.66,9,1,905.94
758,128,2024-05-30 08:58:24,Product_128,Clothing,138.57,32,1,4434.24
759,288,2024-05-30 08:58:24,Product_288,Books,249.51,50,1,12475.5
760,436,2024-05-30 08:58:24,Product_436,Home Appliances,68.28,29,1,1980.12
761,212,2024-05-29 08:58:24,Product_212,Home Appliances,245.1,32,1,7843.2
762,242,2024-05-29 08:58:24,Product_242,Electronics,350.8,37,1,12979.6
763,266,2024-05-29 08:58:24,Product_266,Home Appliances,236.44,1,1,236.44
764,73,2024-05-28 08:58:24,Product_73,Toys,342.36,12,1,4108.32
765,16,2024-05-27 08:58:24,Product_16,Home Appliances,363.89,16,1,5822.24
766,308,2024-05-27 08:58:24,Product_308,Books,372.05,5,1,1860.25
767,205,2024-05-26 08:58:24,Product_205,Home Appliances,100.96,13,1,1312.48
768,354,2024-05-26 08:58:24,Product_354,Clothing,82.66,32,1,2645.12
769,26,2024-05-25 08:58:24,Product_26,Books,158.04,29,1,4583.16
770,146,2024-05-25 08:58:24,Product_146,Toys,468.75,3,1,1406.25
771,177,2024-05-25 08:58:24,Product_177,Books,159.84,44,1,7032.96
772,359,2024-05-25 08:58:24,Product_359,Home Appliances,428.06,34,1,14554.04
773,19,2024-05-24 08:58:24,Product_19,Clothing,132.34,32,1,4234.88
774,26,2024-05-24 08:58:24,Product_26,Books,158.04,42,1,6637.68
775,68,2024-05-24 08:58:24,Product_68,Clothing,89.25,44,1,3927.0
776,157,2024-05-24 08:58:24,Product_157,Electronics,21.78,18,1,392.04
777,217,2024-05-24 08:58:24,Product_217,Books,259.85,5,1,1299.25
778,104,2024-05-23 08:58:24,Product_104,Clothing,476.07,11,1,5236.77
779,148,2024-05-23 08:58:24,Product_148,Electronics,143.8,33,1,4745.4
780,187,2024-05-23 08:58:24,Product_187,Electronics,193.78,37,1,7169.86
781,314,2024-05-23 08:58:24,Product_314,Toys,101.51,40,1,4060.4
782,401,2024-05-23 08:58:24,Product_401,Electronics,498.38,3,1,1495.14
783,122,2024-05-22 08:58:24,Product_122,Toys,41.16,43,1,1769.88
784,292,2024-05-22 08:58:24,Product_292,Toys,294.44,36,1,10599.84
785,403,2024-05-21 08:58:24,Product_403,Clothing,90.86,28,1,2544.08
786,125,2024-05-20 08:58:24,Product_125,Toys,211.28,3,1,633.84
787,376,2024-05-20 08:58:24,Product_376,Home Appliances,144.43,33,1,4766.19
788,421,2024-05-20 08:58:24,Product_421,Clothing,331.9,8,1,2655.2
789,462,2024-05-19 08:58:24,Product_462,Home Appliances,62.48,39,1,2436.72
790,41,2024-05-18 08:58:24,Product_41,Home Appliances,257.01,19,1,4883.19
791,63,2024-05-18 08:58:24,Product_63,Toys,61.57,16,1,985.12
792,179,2024-05-18 08:58:24,Product_179,Electronics,459.66,28,1,12870.48
793,180,2024-05-18 08:58:24,Product_180,Home Appliances,442.16,13,1,5748.08
794,253,2024-05-18 08:58:24,Product_253,Home Appliances,497.82,14,1,6969.48
795,421,2024-05-18 08:58:24,Product_421,Clothing,331.9,47,1,15599.3
796,251,2024-05-17 08:58:24,Product_251,Books,359.45,8,1,2875.6
797,316,2024-05-17 08:58:24,Product_316,Clothing,17.13,41,1,702.33
798,401,2024-05-16 08:58:24,Product_401,Electronics,498.38,3,1,1495.14
799,434,2024-05-16 08:58:24,Product_434,Clothing,453.3,38,1,17225.4
800,494,2024-05-16 08:58:24,Product_494,Clothing,376.93,3,1,1130.79
801,141,2024-05-15 08:58:24,Product_141,Books,204.85,45,1,9218.25
802,238,2024-05-15 08:58:24,Product_238,Books,137.11,14,1,1919.54
803,279,2024-05-15 08:58:24,Product_279,Home Appliances,7.09,36,1,255.24
804,384,2024-05-15 08:58:24,Product_384,Books,199.47,20,1,3989.4
805,404,2024-05-15 08:58:24,Product_404,Books,474.06,37,1,17540.22
806,195,2024-05-14 08:58:24,Product_195,Books,327.35,11,1,3600.85
807,196,2024-05-14 08:58:24,Product_196,Home Appliances,428.49,16,1,6855.84
808,416,2024-05-14 08:58:24,Product_416,Electronics,362.74,10,1,3627.4
809,13,2024-05-13 08:58:24,Product_13,Electronics,102.94,11,1,1132.34
810,27,2024-05-13 08:58:24,Product_27,Electronics,296.44,26,1,7707.44
811,129,2024-05-13 08:58:24,Product_129,Clothing,289.0,39,1,11271.0
812,63,2024-05-12 08:58:24,Product_63,Toys,61.57,43,1,2647.51
813,178,2024-05-12 08:58:24,Product_178,Home Appliances,231.7,2,1,463.4
814,27,2024-05-11 08:58:24,Product_27,Electronics,296.44,4,1,1185.76
815,136,2024-05-11 08:58:24,Product_136,Clothing,71.15,32,1,2276.8
816,467,2024-05-11 08:58:24,Product_467,Toys,375.98,39,1,14663.22
817,58,2024-05-10 08:58:24,Product_58,Toys,403.35,17,1,6856.95
818,95,2024-05-10 08:58:24,Product_95,Clothing,222.82,24,1,5347.68
819,420,2024-05-10 08:58:24,Product_420,Home Appliances,421.45,17,1,7164.65
820,78,2024-05-09 08:58:24,Product_78,Clothing,447.89,19,1,8509.91
821,133,2024-05-09 08:58:24,Product_133,Electronics,408.5,27,1,11029.5
822,181,2024-05-09 08:58:24,Product_181,Home Appliances,238.6,42,1,10021.2
823,216,2024-05-09 08:58:24,Product_216,Home Appliances,343.49,27,1,9274.23
824,413,2024-05-08 08:58:24,Product_413,Electronics,481.42,2,1,962.84
825,455,2024-05-08 08:58:24,Product_455,Electronics,276.32,22,1,6079.04
826,7,2024-05-07 08:58:24,Product_7,Clothing,222.05,34,1,7549.7
827,83,2024-05-07 08:58:24,Product_83,Home Appliances,109.57,6,1,657.42
828,274,2024-05-07 08:58:24,Product_274,Home Appliances,132.55,13,1,1723.15
829,477,2024-05-07 08:58:24,Product_477,Books,182.65,25,1,4566.25
830,333,2024-05-06 08:58:24,Product_333,Home Appliances,477.09,12,1,5725.08
831,377,2024-05-06 08:58:24,Product_377,Home Appliances,388.54,30,1,11656.2
832,87,2024-05-05 08:58:24,Product_87,Books,273.62,4,1,1094.48
833,158,2024-05-05 08:58:24,Product_158,Home Appliances,181.15,6,1,1086.9
834,183,2024-05-05 08:58:24,Product_183,Books,147.34,26,1,3830.84
835,416,2024-05-05 08:58:24,Product_416,Electronics,362.74,11,1,3990.14
836,29,2024-05-03 08:58:24,Product_29,Books,244.93,39,1,9552.27
837,118,2024-05-03 08:58:24,Product_118,Home Appliances,184.65,18,1,3323.7
838,202,2024-05-03 08:58:24,Product_202,Clothing,445.16,9,1,4006.44
839,208,2024-05-03 08:58:24,Product_208,Home Appliances,27.78,2,1,55.56
840,218,2024-04-30 08:58:24,Product_218,Electronics,336.03,41,1,13777.23
841,3,2024-04-29 08:58:24,Product_3,Home Appliances,143.24,36,1,5156.64
842,16,2024-04-29 08:58:24,Product_16,Home Appliances,363.89,30,1,10916.7
843,72,2024-04-29 08:58:24,Product_72,Clothing,97.46,35,1,3411.1
844,166,2024-04-29 08:58:24,Product_166,Books,316.69,40,1,12667.6
845,390,2024-04-29 08:58:24,Product_390,Home Appliances,139.43,37,1,5158.91
846,455,2024-04-29 08:58:24,Product_455,Electronics,276.32,46,1,12710.72
847,43,2024-04-28 08:58:24,Product_43,Books,99.22,28,1,2778.16
848,337,2024-04-28 08:58:24,Product_337,Toys,480.13,29,1,13923.77
849,20,2024-04-27 08:58:24,Product_20,Home Appliances,476.56,50,1,23828.0
850,118,2024-04-27 08:58:24,Product_118,Home Appliances,184.65,3,1,553.95
851,130,2024-04-27 08:58:24,Product_130,Home Appliances,135.59,44,1,5965.96
852,266,2024-04-27 08:58:24,Product_266,Home Appliances,236.44,39,1,9221.16
853,310,2024-04-27 08:58:24,Product_310,Toys,247.43,19,1,4701.17
854,445,2024-04-27 08:58:24,Product_445,Clothing,304.08,18,1,5473.44
855,466,2024-04-27 08:58:24,Product_466,Clothing,476.79,26,1,12396.54
856,125,2024-04-26 08:58:24,Product_125,Toys,211.28,15,1,3169.2
857,356,2024-04-26 08:58:24,Product_356,Toys,479.45,37,1,17739.65
858,380,2024-04-26 08:58:24,Product_380,Electronics,34.02,6,1,204.12
859,20,2024-04-25 08:58:24,Product_20,Home Appliances,476.56,33,1,15726.48
860,37,2024-04-25 08:58:24,Product_37,Toys,490.84,49,1,24051.16
861,51,2024-04-25 08:58:24,Product_51,Toys,186.99,31,1,5796.69
862,190,2024-04-25 08:58:24,Product_190,Electronics,147.46,43,1,6340.78
863,247,2024-04-25 08:58:24,Product_247,Home Appliances,115.23,44,1,5070.12
864,327,2024-04-25 08:58:24,Product_327,Toys,370.97,10,1,3709.7
865,10,2024-04-24 08:58:24,Product_10,Electronics,352.51,14,1,4935.14
866,50,2024-04-23 08:58:24,Product_50,Clothing,174.37,1,1,174.37
867,132,2024-04-23 08:58:24,Product_132,Clothing,114.86,32,1,3675.52
868,252,2024-04-23 08:58:24,Product_252,Electronics,195.77,25,1,4894.25
869,301,2024-04-23 08:58:24,Product_301,Clothing,83.24,47,1,3912.28
870,495,2024-04-23 08:58:24,Product_495,Toys,283.04,41,1,11604.64
871,111,2024-04-22 08:58:24,Product_111,Home Appliances,455.17,47,1,21392.99
872,249,2024-04-22 08:58:24,Product_249,Toys,405.82,32,1,12986.24
873,267,2024-04-22 08:58:24,Product_267,Toys,123.27,30,1,3698.1
874,3,2024-04-21 08:58:24,Product_3,Home Appliances,143.24,3,1,429.72
875,373,2024-04-21 08:58:24,Product_373,Toys,96.68,2,1,193.36
876,470,2024-04-21 08:58:24,Product_470,Electronics,108.39,21,1,2276.19
877,307,2024-04-20 08:58:24,Product_307,Clothing,250.44,35,1,8765.4
878,73,2024-04-19 08:58:24,Product_73,Toys,342.36,10,1,3423.6
879,330,2024-04-19 08:58:24,Product_330,Home Appliances,333.73,14,1,4672.22
880,233,2024-04-18 08:58:24,Product_233,Books,219.48,12,1,2633.76
881,368,2024-04-18 08:58:24,Product_368,Clothing,359.22,8,1,2873.76
882,32,2024-04-17 08:58:24,Product_32,Home Appliances,375.67,14,1,5259.38
883,71,2024-04-16 08:58:24,Product_71,Clothing,367.66,21,1,7720.86
884,194,2024-04-16 08:58:24,Product_194,Books,236.27,46,1,10868.42
885,354,2024-04-16 08:58:24,Product_354,Clothing,82.66,21,1,1735.86
886,405,2024-04-16 08:58:24,Product_405,Electronics,28.61,13,1,371.93
887,421,2024-04-16 08:58:24,Product_421,Clothing,331.9,44,1,14603.6
888,133,2024-04-15 08:58:24,Product_133,Electronics,408.5,21,1,8578.5
889,148,2024-04-15 08:58:24,Product_148,Electronics,143.8,7,1,1006.6
890,170,2024-04-15 08:58:24,Product_170,Books,9.35,25,1,233.75
891,139,2024-04-14 08:58:24,Product_139,Clothing,436.85,33,1,14416.05
892,408,2024-04-14 08:58:24,Product_408,Books,347.84,37,1,12870.08
893,355,2024-04-13 08:58:24,Product_355,Electronics,160.29,37,1,5930.73
894,362,2024-04-13 08:58:24,Product_362,Toys,31.68,45,1,1425.6
895,423,2024-04-13 08:58:24,Product_423,Books,487.59,42,1,20478.78
896,254,2024-04-12 08:58:24,Product_254,Books,493.25,16,1,7892.0
897,305,2024-04-12 08:58:24,Product_305,Clothing,160.73,8,1,1285.84
898,382,2024-04-12 08:58:24,Product_382,Home Appliances,307.16,7,1,2150.12
899,429,2024-04-12 08:58:24,Product_429,Electronics,145.35,24,1,3488.4
900,437,2024-04-12 08:58:24,Product_437,Home Appliances,74.96,19,1,1424.24
901,227,2024-04-11 08:58:24,Product_227,Books,32.55,10,1,325.5
902,490,2024-04-11 08:58:24,Product_490,Home Appliances,35.3,47,1,1659.1
903,340,2024-04-10 08:58:24,Product_340,Clothing,21.8,30,1,654.0
904,130,2024-04-09 08:58:24,Product_130,Home Appliances,135.59,33,1,4474.47
905,211,2024-04-09 08:58:24,Product_211,Clothing,12.2,48,1,585.6
906,268,2024-04-09 08:58:24,Product_268,Clothing,301.49,7,1,2110.43
907,397,2024-04-09 08:58:24,Product_397,Clothing,316.4,9,1,2847.6
908,411,2024-04-09 08:58:24,Product_411,Electronics,256.17,23,1,5891.91
909,454,2024-04-09 08:58:24,Product_454,Electronics,393.79,22,1,8663.38
910,88,2024-04-07 08:58:24,Product_88,Clothing,116.91,49,1,5728.59
911,106,2024-04-07 08:58:24,Product_106,Toys,290.51,18,1,5229.18
912,382,2024-04-07 08:58:24,Product_382,Home Appliances,307.16,15,1,4607.4
913,101,2024-04-06 08:58:24,Product_101,Books,243.33,18,1,4379.94
914,210,2024-04-06 08:58:24,Product_210,Electronics,438.65,8,1,3509.2
915,354,2024-04-06 08:58:24,Product_354,Clothing,82.66,24,1,1983.84
916,379,2024-04-06 08:58:24,Product_379,Toys,142.05,2,1,284.1
917,399,2024-04-06 08:58:24,Product_399,Books,486.33,23,1,11185.59
918,74,2024-04-04 08:58:24,Product_74,Electronics,245.37,20,1,4907.4
919,193,2024-04-04 08:58:24,Product_193,Electronics,222.57,32,1,7122.24
920,271,2024-04-04 08:58:24,Product_271,Electronics,474.64,18,1,8543.52
921,395,2024-04-04 08:58:24,Product_395,Toys,128.35,45,1,5775.75
922,495,2024-04-03 08:58:24,Product_495,Toys,283.04,30,1,8491.2
923,131,2024-04-01 08:58:24,Product_131,Home Appliances,465.33,34,1,15821.22
924,412,2024-04-01 08:58:24,Product_412,Clothing,174.86,10,1,1748.6
925,30,2024-03-31 08:58:24,Product_30,Toys,49.27,13,1,640.51
926,172,2024-03-31 08:58:24,Product_172,Home Appliances,437.72,6,1,2626.32
927,489,2024-03-31 08:58:24,Product_489,Books,29.79,40,1,1191.6
928,109,2024-03-30 08:58:24,Product_109,Electronics,361.85,3,1,1085.55
929,361,2024-03-30 08:58:24,Product_361,Clothing,319.11,28,1,8935.08
930,297,2024-03-29 08:58:24,Product_297,Toys,239.47,14,1,3352.58
931,317,2024-03-29 08:58:24,Product_317,Books,357.75,7,1,2504.25
932,74,2024-03-28 08:58:24,Product_74,Electronics,245.37,4,1,981.48
933,195,2024-03-28 08:58:24,Product_195,Books,327.35,26,1,8511.1
934,379,2024-03-28 08:58:24,Product_379,Toys,142.05,32,1,4545.6
935,82,2024-03-27 08:58:24,Product_82,Toys,482.01,31,1,14942.31
936,179,2024-03-27 08:58:24,Product_179,Electronics,459.66,13,1,5975.58
937,16,2024-03-26 08:58:24,Product_16,Home Appliances,363.89,24,1,8733.36
938,256,2024-03-26 08:58:24,Product_256,Electronics,58.25,33,1,1922.25
939,348,2024-03-26 08:58:24,Product_348,Toys,275.27,38,1,10460.26
940,201,2024-03-25 08:58:24,Product_201,Toys,211.95,14,1,2967.3
941,285,2024-03-25 08:58:24,Product_285,Toys,290.84,28,1,8143.52
942,293,2024-03-25 08:58:24,Product_293,Electronics,47.03,36,1,1693.08
943,401,2024-03-25 08:58:24,Product_401,Electronics,498.38,41,1,20433.58
944,126,2024-03-24 08:58:24,Product_126,Books,485.3,39,1,18926.7
945,354,2024-03-24 08:58:24,Product_354,Clothing,82.66,40,1,3306.4
946,120,2024-03-23 08:58:24,Product_120,Books,466.49,2,1,932.98
947,398,2024-03-23 08:58:24,Product_398,Home Appliances,82.28,40,1,3291.2
948,414,2024-03-23 08:58:24,Product_414,Electronics,411.28,30,1,12338.4
949,106,2024-03-22 08:58:24,Product_106,Toys,290.51,49,1,14234.99
950,165,2024-03-22 08:58:24,Product_165,Books,86.23,31,1,2673.13
951,319,2024-03-22 08:58:24,Product_319,Clothing,116.52,28,1,3262.56
952,379,2024-03-21 08:58:24,Product_379,Toys,142.05,39,1,5539.95
953,170,2024-03-20 08:58:24,Product_170,Books,9.35,46,1,430.1
954,425,2024-03-20 08:58:24,Product_425,Home Appliances,379.82,17,1,6456.94
955,40,2024-03-19 08:58:24,Product_40,Clothing,362.17,8,1,2897.36
956,77,2024-03-19 08:58:24,Product_77,Electronics,377.27,36,1,13581.72
957,90,2024-03-19 08:58:24,Product_90,Electronics,303.05,8,1,2424.4
958,142,2024-03-19 08:58:24,Product_142,Clothing,489.51,32,1,15664.32
959,397,2024-03-19 08:58:24,Product_397,Clothing,316.4,21,1,6644.4
960,404,2024-03-19 08:58:24,Product_404,Books,474.06,2,1,948.12
961,350,2024-03-18 08:58:24,Product_350,Toys,143.94,36,1,5181.84
962,432,2024-03-18 08:58:24,Product_432,Books,300.07,8,1,2400.56
963,245,2024-03-17 08:58:24,Product_245,Books,88.66,12,1,1063.92
964,350,2024-03-17 08:58:24,Product_350,Toys,143.94,8,1,1151.52
965,378,2024-03-17 08:58:24,Product_378,Electronics,493.85,30,1,14815.5
966,425,2024-03-16 08:58:24,Product_425,Home Appliances,379.82,33,1,12534.06
967,396,2024-03-15 08:58:24,Product_396,Books,475.78,45,1,21410.1
968,81,2024-03-14 08:58:24,Product_81,Electronics,213.66,9,1,1922.94
969,221,2024-03-14 08:58:24,Product_221,Books,135.3,37,1,5006.1
970,307,2024-03-14 08:58:24,Product_307,Clothing,250.44,25,1,6261.0
971,451,2024-03-14 08:58:24,Product_451,Toys,338.78,47,1,15922.66
972,455,2024-03-13 08:58:24,Product_455,Electronics,276.32,18,1,4973.76
973,466,2024-03-13 08:58:24,Product_466,Clothing,476.79,39,1,18594.81
974,500,2024-03-13 08:58:24,Product_500,Books,100.74,18,1,1813.32
975,18,2024-03-12 08:58:24,Product_18,Home Appliances,439.13,44,1,19321.72
976,265,2024-03-12 08:58:24,Product_265,Books,216.41,16,1,3462.56
977,345,2024-03-12 08:58:24,Product_345,Clothing,444.98,26,1,11569.48
978,349,2024-03-12 08:58:24,Product_349,Clothing,189.63,6,1,1137.78
979,101,2024-03-11 08:58:24,Product_101,Books,243.33,1,1,243.33
980,118,2024-03-11 08:58:24,Product_118,Home Appliances,184.65,37,1,6832.05
981,280,2024-03-11 08:58:24,Product_280,Home Appliances,243.15,11,1,2674.65
982,372,2024-03-11 08:58:24,Product_372,Clothing,370.1,33,1,12213.3
983,81,2024-03-10 08:58:24,Product_81,Electronics,213.66,46,1,9828.36
984,433,2024-03-10 08:58:24,Product_433,Home Appliances,370.33,42,1,15553.86
985,479,2024-03-10 08:58:24,Product_479,Toys,477.85,48,1,22936.8
986,164,2024-03-09 08:58:24,Product_164,Electronics,442.95,27,1,11959.65
987,182,2024-03-09 08:58:24,Product_182,Electronics,482.75,48,1,23172.0
988,388,2024-03-09 08:58:24,Product_388,Home Appliances,455.51,32,1,14576.32
989,120,2024-03-08 08:58:24,Product_120,Books,466.49,46,1,21458.54
990,161,2024-03-08 08:58:24,Product_161,Electronics,476.69,32,1,15254.08
991,178,2024-03-08 08:58:24,Product_178,Home Appliances,231.7,1,1,231.7
992,216,2024-03-08 08:58:24,Product_216,Home Appliances,343.49,3,1,1030.47
993,367,2024-03-08 08:58:24,Product_367,Books,479.04,26,1,12455.04
994,218,2024-03-07 08:58:24,Product_218,Electronics,336.03,12,1,4032.36
995,24,2024-03-05 08:58:24,Product_24,Clothing,156.21,31,1,4842.51
996,55,2024-03-05 08:58:24,Product_55,Home Appliances,127.75,18,1,2299.5
997,163,2024-03-05 08:58:24,Product_163,Home Appliances,385.69,18,1,6942.42
998,289,2024-03-05 08:58:24,Product_289,Electronics,487.81,27,1,13170.87
999,487,2024-03-05 08:58:24,Product_487,Electronics,493.38,10,1,4933.8
