TransactionID,ProductID,Type,Quantity,Date
1,106,Purchase,41,2024-05-18 08:58:24
2,86,Purchase,5,2024-04-07 08:58:24
3,206,Purchase,47,2025-01-04 08:58:24
4,277,Purchase,38,2024-07-07 08:58:24
5,34,Sale,17,2025-01-20 08:58:24
6,244,Sale,7,2025-03-02 08:58:24
7,100,Purchase,16,2025-01-25 08:58:24
8,309,Purchase,16,2024-09-13 08:58:24
9,201,Purchase,47,2024-03-22 08:58:24
10,470,Purchase,15,2024-04-12 08:58:24
11,107,Purchase,29,2024-03-30 08:58:24
12,157,Sale,18,2024-05-24 08:58:24
13,284,Sale,47,2024-09-21 08:58:24
14,129,Sale,39,2024-05-13 08:58:24
15,124,Sale,24,2024-10-07 08:58:24
16,195,Sale,11,2024-05-14 08:58:24
17,266,Sale,39,2024-04-27 08:58:24
18,346,Sale,11,2024-08-26 08:58:24
19,211,Purchase,48,2024-12-13 08:58:24
20,283,Sale,18,2024-06-19 08:58:24
21,452,Purchase,18,2024-05-24 08:58:24
22,159,Purchase,44,2025-02-25 08:58:24
23,291,Sale,29,2025-01-08 08:58:24
24,483,Purchase,6,2024-08-27 08:58:24
25,183,Purchase,21,2025-02-16 08:58:24
26,476,Sale,1,2024-10-23 08:58:24
27,174,Sale,22,2024-08-17 08:58:24
28,132,Sale,17,2024-10-13 08:58:24
29,374,Sale,40,2025-01-15 08:58:24
30,352,Purchase,4,2024-09-16 08:58:24
31,474,Purchase,50,2025-01-08 08:58:24
32,225,Purchase,22,2024-06-10 08:58:24
33,173,Purchase,45,2025-01-31 08:58:24
34,300,Sale,25,2024-07-08 08:58:24
35,206,Sale,33,2024-08-12 08:58:24
36,91,Purchase,46,2024-09-26 08:58:24
37,281,Purchase,47,2024-06-10 08:58:24
38,431,Purchase,31,2025-03-01 08:58:24
39,268,Sale,18,2025-02-07 08:58:24
40,137,Sale,43,2024-08-05 08:58:24
41,120,Purchase,43,2024-08-25 08:58:24
42,421,Purchase,32,2024-10-11 08:58:24
43,159,Sale,26,2024-12-30 08:58:24
44,49,Purchase,17,2024-09-29 08:58:24
45,480,Purchase,13,2024-03-09 08:58:24
46,63,Sale,6,2024-09-24 08:58:24
47,484,Sale,17,2025-01-30 08:58:24
48,45,Sale,44,2024-06-12 08:58:24
49,429,Sale,24,2024-04-12 08:58:24
50,231,Sale,29,2025-02-05 08:58:24
51,168,Purchase,29,2025-02-07 08:58:24
52,19,Purchase,9,2025-01-12 08:58:24
53,401,Sale,3,2024-05-16 08:58:24
54,418,Sale,29,2024-07-06 08:58:24
55,217,Purchase,50,2024-04-14 08:58:24
56,440,Sale,10,2025-02-25 08:58:24
57,115,Sale,22,2024-08-19 08:58:24
58,103,Purchase,35,2025-01-01 08:58:24
59,379,Purchase,3,2025-02-02 08:58:24
60,477,Sale,45,2025-01-27 08:58:24
61,485,Purchase,15,2025-02-16 08:58:24
62,30,Sale,12,2025-01-24 08:58:24
63,401,Purchase,13,2024-10-29 08:58:24
64,65,Purchase,45,2024-11-16 08:58:24
65,115,Sale,27,2024-06-18 08:58:24
66,462,Sale,39,2024-05-19 08:58:24
67,230,Purchase,47,2024-07-15 08:58:24
68,288,Purchase,30,2024-08-22 08:58:24
69,111,Sale,46,2024-07-22 08:58:24
70,74,Sale,4,2024-03-28 08:58:24
71,148,Sale,33,2024-05-23 08:58:24
72,106,Sale,10,2025-02-14 08:58:24
73,31,Purchase,7,2025-02-15 08:58:24
74,139,Purchase,15,2024-06-26 08:58:24
75,297,Sale,3,2025-01-24 08:58:24
76,424,Purchase,26,2025-01-02 08:58:24
77,205,Purchase,26,2024-07-01 08:58:24
78,271,Purchase,49,2024-10-01 08:58:24
79,1,Sale,35,2024-07-31 08:58:24
80,320,Purchase,40,2024-03-14 08:58:24
81,58,Purchase,50,2024-06-30 08:58:24
82,407,Purchase,8,2024-08-17 08:58:24
83,37,Purchase,10,2024-12-15 08:58:24
84,45,Purchase,4,2025-01-31 08:58:24
85,368,Purchase,48,2024-08-25 08:58:24
86,434,Sale,42,2024-06-22 08:58:24
87,381,Sale,2,2024-10-25 08:58:24
88,295,Sale,16,2025-02-24 08:58:24
89,119,Purchase,7,2024-11-21 08:58:24
90,380,Sale,6,2024-04-26 08:58:24
91,148,Purchase,48,2025-01-08 08:58:24
92,279,Purchase,33,2024-06-17 08:58:24
93,106,Purchase,39,2024-09-01 08:58:24
94,317,Purchase,29,2024-10-14 08:58:24
95,58,Sale,17,2024-05-10 08:58:24
96,67,Purchase,18,2024-08-17 08:58:24
97,118,Sale,8,2025-02-07 08:58:24
98,184,Purchase,40,2024-05-24 08:58:24
99,272,Purchase,32,2025-01-26 08:58:24
100,73,Sale,12,2024-05-28 08:58:24
101,245,Purchase,23,2025-02-14 08:58:24
102,54,Purchase,28,2024-06-04 08:58:24
103,165,Purchase,4,2024-03-30 08:58:24
104,57,Purchase,13,2024-07-25 08:58:24
105,66,Purchase,35,2024-10-14 08:58:24
106,127,Sale,40,2024-11-12 08:58:24
107,202,Sale,12,2024-11-27 08:58:24
108,165,Sale,31,2024-03-22 08:58:24
109,400,Purchase,20,2025-02-04 08:58:24
110,147,Purchase,9,2024-03-25 08:58:24
111,156,Purchase,17,2024-10-07 08:58:24
112,21,Sale,28,2024-07-20 08:58:24
113,214,Purchase,15,2024-10-16 08:58:24
114,183,Sale,9,2024-08-13 08:58:24
115,476,Purchase,1,2024-08-25 08:58:24
116,308,Purchase,6,2025-02-19 08:58:24
117,441,Purchase,44,2024-11-25 08:58:24
118,183,Purchase,23,2024-04-03 08:58:24
119,25,Purchase,27,2024-08-15 08:58:24
120,191,Purchase,37,2024-10-25 08:58:24
121,98,Sale,25,2025-01-01 08:58:24
122,229,Purchase,31,2025-02-04 08:58:24
123,379,Sale,39,2024-03-21 08:58:24
124,327,Sale,37,2024-09-02 08:58:24
125,480,Sale,17,2024-09-05 08:58:24
126,343,Sale,13,2024-08-20 08:58:24
127,314,Sale,43,2024-09-23 08:58:24
128,460,Purchase,6,2024-08-19 08:58:24
129,92,Sale,32,2024-08-18 08:58:24
130,11,Purchase,3,2025-02-21 08:58:24
131,218,Sale,12,2024-03-07 08:58:24
132,389,Sale,34,2025-01-21 08:58:24
133,159,Purchase,13,2024-03-17 08:58:24
134,448,Sale,32,2024-07-23 08:58:24
135,374,Purchase,25,2024-06-22 08:58:24
136,352,Purchase,29,2024-12-05 08:58:24
137,472,Sale,25,2025-02-09 08:58:24
138,456,Purchase,41,2024-07-18 08:58:24
139,271,Sale,44,2024-10-30 08:58:24
140,112,Purchase,44,2024-07-29 08:58:24
141,398,Purchase,41,2024-03-06 08:58:24
142,288,Purchase,16,2024-06-05 08:58:24
143,346,Sale,36,2024-08-25 08:58:24
144,432,Sale,8,2024-03-18 08:58:24
145,228,Purchase,31,2024-09-06 08:58:24
146,221,Sale,37,2024-03-14 08:58:24
147,88,Purchase,46,2024-03-31 08:58:24
148,328,Sale,4,2024-06-14 08:58:24
149,361,Purchase,31,2024-12-17 08:58:24
150,408,Purchase,7,2024-10-05 08:58:24
151,250,Purchase,11,2024-03-07 08:58:24
152,357,Purchase,50,2024-12-18 08:58:24
153,154,Purchase,5,2024-04-23 08:58:24
154,162,Sale,8,2024-08-18 08:58:24
155,285,Sale,28,2024-03-25 08:58:24
156,20,Sale,33,2024-04-25 08:58:24
157,169,Purchase,4,2024-04-25 08:58:24
158,419,Purchase,32,2025-01-06 08:58:24
159,364,Sale,11,2025-01-01 08:58:24
160,340,Purchase,12,2024-04-20 08:58:24
161,238,Sale,14,2024-05-15 08:58:24
162,341,Sale,29,2024-06-17 08:58:24
163,327,Sale,3,2025-01-22 08:58:24
164,17,Sale,9,2025-02-26 08:58:24
165,328,Purchase,7,2025-02-05 08:58:24
166,400,Purchase,33,2024-10-17 08:58:24
167,416,Sale,11,2024-05-05 08:58:24
168,178,Sale,31,2024-10-20 08:58:24
169,49,Sale,22,2024-10-31 08:58:24
170,330,Purchase,23,2024-12-06 08:58:24
171,207,Sale,4,2024-09-03 08:58:24
172,317,Sale,48,2024-11-17 08:58:24
173,185,Sale,47,2024-07-02 08:58:24
174,263,Sale,30,2025-01-04 08:58:24
175,180,Purchase,19,2024-04-16 08:58:24
176,101,Sale,18,2024-04-06 08:58:24
177,169,Purchase,22,2024-08-16 08:58:24
178,396,Purchase,27,2024-03-06 08:58:24
179,245,Purchase,45,2024-04-06 08:58:24
180,398,Purchase,11,2025-02-22 08:58:24
181,152,Purchase,50,2024-03-08 08:58:24
182,489,Sale,9,2024-06-24 08:58:24
183,192,Purchase,11,2025-02-24 08:58:24
184,289,Sale,27,2024-03-05 08:58:24
185,492,Sale,6,2024-07-20 08:58:24
186,120,Sale,16,2024-11-17 08:58:24
187,426,Purchase,32,2025-02-04 08:58:24
188,14,Purchase,33,2024-12-02 08:58:24
189,426,Purchase,33,2024-03-12 08:58:24
190,481,Purchase,47,2025-01-18 08:58:24
191,380,Purchase,10,2024-08-11 08:58:24
192,136,Sale,32,2024-05-11 08:58:24
193,355,Purchase,11,2024-05-12 08:58:24
194,11,Sale,39,2025-02-24 08:58:24
195,149,Sale,40,2024-06-22 08:58:24
196,252,Sale,4,2024-06-12 08:58:24
197,376,Sale,24,2024-06-06 08:58:24
198,433,Sale,40,2024-08-05 08:58:24
199,31,Sale,38,2024-11-27 08:58:24
200,403,Purchase,3,2025-01-11 08:58:24
201,472,Purchase,38,2025-02-09 08:58:24
202,141,Purchase,5,2024-08-17 08:58:24
203,33,Sale,38,2024-07-24 08:58:24
204,256,Sale,33,2024-03-26 08:58:24
205,360,Purchase,26,2024-03-07 08:58:24
206,216,Sale,27,2024-05-09 08:58:24
207,443,Purchase,20,2024-10-21 08:58:24
208,288,Purchase,20,2025-02-04 08:58:24
209,263,Sale,26,2025-01-18 08:58:24
210,260,Sale,20,2024-12-17 08:58:24
211,318,Sale,9,2025-01-26 08:58:24
212,355,Sale,37,2024-04-13 08:58:24
213,494,Sale,37,2024-06-01 08:58:24
214,179,Purchase,38,2024-08-02 08:58:24
215,50,Purchase,2,2024-03-23 08:58:24
216,428,Purchase,2,2024-10-09 08:58:24
217,305,Sale,8,2024-04-12 08:58:24
218,269,Purchase,11,2024-08-06 08:58:24
219,333,Sale,12,2024-05-06 08:58:24
220,1,Purchase,32,2024-08-30 08:58:24
221,486,Purchase,1,2024-05-31 08:58:24
222,132,Purchase,14,2024-05-29 08:58:24
223,63,Purchase,17,2024-10-04 08:58:24
224,29,Sale,39,2024-05-03 08:58:24
225,395,Purchase,47,2024-07-05 08:58:24
226,176,Purchase,11,2024-06-10 08:58:24
227,377,Sale,39,2024-12-12 08:58:24
228,365,Purchase,36,2024-11-13 08:58:24
229,81,Sale,9,2024-03-14 08:58:24
230,382,Sale,24,2024-06-09 08:58:24
231,312,Sale,47,2025-02-08 08:58:24
232,413,Sale,9,2025-02-07 08:58:24
233,374,Sale,29,2024-08-06 08:58:24
234,422,Sale,13,2024-07-20 08:58:24
235,65,Purchase,7,2025-02-06 08:58:24
236,293,Sale,36,2024-03-25 08:58:24
237,149,Sale,28,2024-12-13 08:58:24
238,488,Sale,12,2025-02-26 08:58:24
239,354,Purchase,3,2024-04-06 08:58:24
240,126,Sale,35,2024-08-06 08:58:24
241,397,Sale,9,2024-04-09 08:58:24
242,156,Sale,7,2024-09-15 08:58:24
243,222,Sale,44,2024-08-09 08:58:24
244,383,Purchase,26,2025-02-25 08:58:24
245,126,Sale,12,2024-11-13 08:58:24
246,118,Sale,18,2024-05-03 08:58:24
247,341,Sale,38,2024-06-02 08:58:24
248,73,Sale,4,2024-06-06 08:58:24
249,307,Sale,25,2024-03-14 08:58:24
250,212,Sale,21,2024-11-09 08:58:24
251,419,Purchase,34,2024-10-07 08:58:24
252,184,Sale,32,2024-10-09 08:58:24
253,177,Purchase,20,2025-01-09 08:58:24
254,252,Sale,25,2024-04-23 08:58:24
255,305,Sale,17,2024-10-13 08:58:24
256,131,Purchase,12,2025-02-24 08:58:24
257,72,Sale,32,2024-06-08 08:58:24
258,47,Sale,11,2024-08-16 08:58:24
259,150,Purchase,20,2024-10-07 08:58:24
260,78,Purchase,6,2024-12-02 08:58:24
261,233,Purchase,38,2024-06-11 08:58:24
262,247,Purchase,17,2024-11-12 08:58:24
263,58,Purchase,2,2024-07-29 08:58:24
264,130,Sale,25,2024-11-15 08:58:24
265,148,Purchase,4,2024-04-30 08:58:24
266,12,Sale,9,2024-06-23 08:58:24
267,93,Purchase,23,2024-05-02 08:58:24
268,136,Sale,4,2024-07-26 08:58:24
269,31,Sale,28,2024-11-29 08:58:24
270,70,Sale,18,2025-01-20 08:58:24
271,291,Sale,25,2024-11-05 08:58:24
272,265,Sale,8,2025-01-14 08:58:24
273,141,Purchase,28,2024-09-15 08:58:24
274,145,Purchase,13,2024-04-29 08:58:24
275,196,Purchase,6,2025-01-01 08:58:24
276,48,Purchase,16,2024-03-25 08:58:24
277,347,Purchase,34,2024-12-22 08:58:24
278,274,Purchase,4,2024-03-27 08:58:24
279,263,Purchase,48,2025-02-21 08:58:24
280,210,Sale,8,2024-04-06 08:58:24
281,111,Sale,47,2024-04-22 08:58:24
282,72,Sale,26,2025-03-03 08:58:24
283,311,Sale,9,2024-08-15 08:58:24
284,136,Purchase,45,2024-10-13 08:58:24
285,445,Sale,5,2024-09-11 08:58:24
286,379,Purchase,8,2024-12-10 08:58:24
287,375,Sale,46,2024-07-28 08:58:24
288,293,Purchase,16,2024-05-14 08:58:24
289,115,Purchase,34,2025-01-07 08:58:24
290,77,Sale,36,2024-03-19 08:58:24
291,282,Sale,36,2024-09-04 08:58:24
292,146,Sale,8,2024-07-01 08:58:24
293,350,Sale,8,2024-03-17 08:58:24
294,179,Sale,28,2024-05-18 08:58:24
295,245,Sale,41,2025-02-09 08:58:24
296,154,Purchase,8,2024-05-20 08:58:24
297,419,Purchase,15,2024-12-01 08:58:24
298,309,Sale,29,2024-08-04 08:58:24
299,105,Sale,29,2025-02-17 08:58:24
300,130,Sale,33,2024-04-09 08:58:24
301,253,Sale,14,2024-05-18 08:58:24
302,401,Sale,41,2024-03-25 08:58:24
303,337,Sale,12,2024-09-01 08:58:24
304,64,Sale,45,2025-01-16 08:58:24
305,455,Sale,18,2024-03-13 08:58:24
306,176,Purchase,10,2024-11-20 08:58:24
307,111,Sale,29,2024-09-29 08:58:24
308,329,Sale,29,2024-11-04 08:58:24
309,54,Purchase,6,2024-11-20 08:58:24
310,410,Sale,48,2024-06-14 08:58:24
311,376,Sale,1,2025-01-24 08:58:24
312,310,Sale,19,2024-04-27 08:58:24
313,198,Purchase,8,2024-09-21 08:58:24
314,174,Sale,37,2024-10-05 08:58:24
315,192,Purchase,17,2024-08-07 08:58:24
316,388,Sale,10,2024-06-02 08:58:24
317,252,Sale,17,2024-11-13 08:58:24
318,322,Purchase,49,2024-12-12 08:58:24
319,183,Sale,33,2025-01-15 08:58:24
320,484,Sale,5,2025-01-31 08:58:24
321,445,Sale,18,2024-04-27 08:58:24
322,236,Purchase,46,2024-12-04 08:58:24
323,396,Sale,31,2024-08-07 08:58:24
324,340,Sale,35,2024-11-06 08:58:24
325,467,Sale,39,2024-05-11 08:58:24
326,362,Sale,45,2024-04-13 08:58:24
327,388,Sale,32,2024-03-09 08:58:24
328,219,Purchase,35,2024-07-25 08:58:24
329,267,Sale,7,2024-06-16 08:58:24
330,333,Purchase,20,2024-04-04 08:58:24
331,478,Sale,15,2024-10-27 08:58:24
332,382,Sale,7,2024-04-12 08:58:24
333,195,Sale,43,2024-09-16 08:58:24
334,391,Purchase,10,2024-10-13 08:58:24
335,35,Purchase,17,2024-12-15 08:58:24
336,443,Purchase,38,2024-09-15 08:58:24
337,345,Purchase,18,2025-02-05 08:58:24
338,52,Purchase,27,2024-03-10 08:58:24
339,224,Sale,25,2024-12-03 08:58:24
340,126,Purchase,16,2024-06-29 08:58:24
341,101,Sale,45,2025-02-27 08:58:24
342,386,Purchase,31,2024-11-23 08:58:24
343,186,Purchase,35,2025-02-25 08:58:24
344,58,Purchase,43,2024-11-01 08:58:24
345,297,Sale,30,2024-11-13 08:58:24
346,347,Purchase,3,2025-01-03 08:58:24
347,42,Purchase,48,2024-04-26 08:58:24
348,495,Sale,30,2024-04-03 08:58:24
349,77,Sale,37,2024-09-15 08:58:24
350,370,Purchase,25,2024-07-27 08:58:24
351,240,Purchase,17,2025-01-24 08:58:24
352,9,Sale,26,2024-11-19 08:58:24
353,122,Purchase,5,2024-10-24 08:58:24
354,192,Sale,16,2024-12-14 08:58:24
355,450,Sale,33,2024-07-05 08:58:24
356,477,Sale,25,2024-05-07 08:58:24
357,350,Purchase,38,2024-05-04 08:58:24
358,94,Sale,12,2024-10-09 08:58:24
359,320,Sale,9,2025-02-17 08:58:24
360,179,Sale,13,2024-03-27 08:58:24
361,138,Purchase,8,2024-09-02 08:58:24
362,343,Purchase,3,2024-07-23 08:58:24
363,491,Sale,5,2024-09-29 08:58:24
364,183,Purchase,17,2025-01-30 08:58:24
365,166,Purchase,21,2024-10-27 08:58:24
366,319,Purchase,47,2025-03-02 08:58:24
367,94,Purchase,22,2024-06-17 08:58:24
368,90,Purchase,34,2024-12-02 08:58:24
369,338,Purchase,28,2024-08-30 08:58:24
370,90,Sale,1,2024-12-06 08:58:24
371,233,Sale,12,2024-04-18 08:58:24
372,489,Sale,40,2024-03-31 08:58:24
373,491,Purchase,35,2025-02-08 08:58:24
374,497,Purchase,48,2025-01-31 08:58:24
375,264,Purchase,18,2024-05-05 08:58:24
376,253,Sale,43,2024-12-14 08:58:24
377,71,Purchase,12,2024-04-03 08:58:24
378,461,Sale,12,2024-10-16 08:58:24
379,373,Purchase,40,2024-09-24 08:58:24
380,1,Sale,14,2024-07-05 08:58:24
381,238,Sale,46,2025-01-02 08:58:24
382,304,Sale,5,2024-10-22 08:58:24
383,433,Sale,42,2024-03-10 08:58:24
384,395,Sale,45,2024-04-04 08:58:24
385,254,Purchase,41,2025-01-05 08:58:24
386,313,Purchase,9,2025-02-23 08:58:24
387,252,Purchase,38,2025-02-12 08:58:24
388,142,Sale,32,2024-03-19 08:58:24
389,462,Purchase,6,2024-09-27 08:58:24
390,147,Sale,5,2024-07-26 08:58:24
391,234,Purchase,42,2024-07-31 08:58:24
392,498,Sale,9,2025-02-10 08:58:24
393,191,Purchase,30,2024-05-01 08:58:24
394,484,Sale,9,2024-06-24 08:58:24
395,454,Sale,22,2024-04-09 08:58:24
396,355,Sale,48,2024-08-25 08:58:24
397,266,Purchase,44,2024-09-30 08:58:24
398,177,Purchase,5,2024-05-25 08:58:24
399,273,Sale,17,2024-07-26 08:58:24
400,118,Sale,37,2024-03-11 08:58:24
401,91,Purchase,46,2024-03-23 08:58:24
402,369,Purchase,14,2024-06-27 08:58:24
403,379,Purchase,13,2025-01-09 08:58:24
404,297,Sale,25,2024-11-04 08:58:24
405,347,Purchase,6,2024-09-23 08:58:24
406,244,Purchase,27,2024-04-03 08:58:24
407,208,Purchase,18,2024-09-20 08:58:24
408,327,Sale,47,2025-02-24 08:58:24
409,27,Sale,49,2024-09-01 08:58:24
410,278,Purchase,36,2025-02-18 08:58:24
411,351,Sale,38,2024-07-18 08:58:24
412,392,Purchase,29,2024-08-15 08:58:24
413,69,Sale,24,2025-01-01 08:58:24
414,382,Purchase,41,2024-12-25 08:58:24
415,333,Purchase,13,2024-08-20 08:58:24
416,90,Purchase,8,2024-09-24 08:58:24
417,440,Sale,37,2024-11-19 08:58:24
418,124,Purchase,45,2024-11-21 08:58:24
419,158,Sale,39,2024-10-25 08:58:24
420,55,Sale,18,2024-03-05 08:58:24
421,177,Sale,40,2024-07-10 08:58:24
422,384,Sale,20,2024-05-15 08:58:24
423,212,Sale,32,2024-05-29 08:58:24
424,415,Sale,11,2024-12-14 08:58:24
425,192,Purchase,50,2024-08-11 08:58:24
426,284,Sale,35,2025-01-08 08:58:24
427,142,Sale,18,2024-06-14 08:58:24
428,46,Purchase,16,2024-03-05 08:58:24
429,342,Sale,33,2025-01-10 08:58:24
430,337,Sale,45,2025-02-11 08:58:24
431,180,Purchase,41,2024-10-19 08:58:24
432,368,Sale,36,2025-02-18 08:58:24
433,469,Sale,26,2025-01-09 08:58:24
434,16,Sale,24,2024-03-26 08:58:24
435,333,Purchase,21,2024-04-29 08:58:24
436,422,Purchase,46,2024-11-21 08:58:24
437,166,Purchase,31,2024-08-01 08:58:24
438,233,Purchase,12,2024-03-19 08:58:24
439,107,Purchase,8,2024-06-24 08:58:24
440,489,Sale,9,2024-07-23 08:58:24
441,379,Sale,32,2024-03-28 08:58:24
442,5,Purchase,46,2024-11-24 08:58:24
443,470,Purchase,22,2024-07-27 08:58:24
444,252,Sale,28,2025-02-04 08:58:24
445,279,Sale,35,2024-07-19 08:58:24
446,1,Purchase,48,2024-08-20 08:58:24
447,212,Purchase,8,2025-03-02 08:58:24
448,353,Sale,38,2024-10-11 08:58:24
449,480,Purchase,30,2024-06-14 08:58:24
450,414,Sale,28,2024-08-24 08:58:24
451,113,Purchase,38,2024-04-01 08:58:24
452,249,Sale,31,2024-11-05 08:58:24
453,437,Purchase,3,2024-05-30 08:58:24
454,417,Purchase,1,2024-03-29 08:58:24
455,167,Purchase,7,2024-05-06 08:58:24
456,430,Sale,19,2025-01-14 08:58:24
457,106,Purchase,35,2024-11-01 08:58:24
458,289,Purchase,20,2025-02-08 08:58:24
459,20,Sale,50,2024-04-27 08:58:24
460,1,Sale,46,2024-06-09 08:58:24
461,443,Sale,41,2024-12-15 08:58:24
462,497,Sale,4,2025-02-24 08:58:24
463,63,Purchase,25,2024-12-02 08:58:24
464,101,Sale,30,2024-11-03 08:58:24
465,411,Sale,23,2024-04-09 08:58:24
466,175,Sale,7,2024-11-02 08:58:24
467,320,Purchase,49,2024-11-24 08:58:24
468,219,Purchase,25,2024-04-24 08:58:24
469,164,Purchase,47,2024-09-07 08:58:24
470,403,Sale,28,2024-05-21 08:58:24
471,134,Purchase,38,2024-12-05 08:58:24
472,277,Purchase,39,2024-11-29 08:58:24
473,100,Purchase,19,2024-11-26 08:58:24
474,236,Purchase,23,2024-04-14 08:58:24
475,37,Sale,48,2024-11-22 08:58:24
476,430,Purchase,16,2024-08-31 08:58:24
477,91,Purchase,10,2024-07-07 08:58:24
478,476,Sale,16,2024-07-06 08:58:24
479,468,Sale,6,2025-01-15 08:58:24
480,355,Sale,19,2024-08-20 08:58:24
481,200,Sale,2,2024-06-17 08:58:24
482,12,Purchase,3,2024-05-23 08:58:24
483,484,Purchase,4,2024-11-23 08:58:24
484,407,Sale,21,2025-02-09 08:58:24
485,53,Purchase,10,2024-09-07 08:58:24
486,492,Purchase,28,2024-11-28 08:58:24
487,218,Purchase,34,2024-04-30 08:58:24
488,27,Sale,4,2024-05-11 08:58:24
489,196,Sale,4,2024-11-17 08:58:24
490,301,Sale,46,2025-02-15 08:58:24
491,306,Purchase,21,2024-04-03 08:58:24
492,142,Sale,50,2024-11-07 08:58:24
493,413,Purchase,12,2024-06-04 08:58:24
494,3,Sale,3,2024-04-21 08:58:24
495,406,Purchase,47,2024-06-02 08:58:24
496,321,Purchase,40,2024-04-05 08:58:24
497,29,Sale,43,2024-08-22 08:58:24
498,354,Sale,32,2024-05-26 08:58:24
499,324,Purchase,17,2024-12-19 08:58:24
500,84,Purchase,36,2024-11-08 08:58:24
501,382,Sale,25,2024-06-05 08:58:24
502,491,Sale,48,2024-06-17 08:58:24
503,122,Sale,46,2024-12-11 08:58:24
504,453,Purchase,18,2024-09-27 08:58:24
505,72,Sale,35,2024-04-29 08:58:24
506,381,Purchase,26,2024-07-23 08:58:24
507,423,Purchase,9,2024-12-25 08:58:24
508,187,Sale,21,2025-01-01 08:58:24
509,30,Sale,34,2024-10-16 08:58:24
510,477,Purchase,22,2024-06-29 08:58:24
511,499,Purchase,18,2024-10-16 08:58:24
512,218,Purchase,30,2024-12-31 08:58:24
513,52,Sale,10,2024-11-18 08:58:24
514,264,Purchase,19,2024-12-16 08:58:24
515,187,Purchase,50,2025-02-16 08:58:24
516,66,Purchase,36,2024-05-06 08:58:24
517,340,Sale,30,2024-04-10 08:58:24
518,443,Sale,34,2024-07-13 08:58:24
519,318,Sale,27,2024-08-16 08:58:24
520,385,Purchase,33,2024-12-21 08:58:24
521,405,Sale,13,2024-04-16 08:58:24
522,193,Sale,32,2024-04-04 08:58:24
523,80,Purchase,24,2025-02-02 08:58:24
524,412,Sale,10,2024-04-01 08:58:24
525,189,Sale,37,2024-10-20 08:58:24
526,263,Purchase,6,2024-06-06 08:58:24
527,314,Purchase,10,2024-09-05 08:58:24
528,245,Purchase,2,2025-01-31 08:58:24
529,394,Purchase,42,2024-04-27 08:58:24
530,219,Sale,20,2024-07-30 08:58:24
531,216,Sale,3,2024-03-08 08:58:24
532,286,Purchase,7,2024-12-30 08:58:24
533,92,Sale,6,2024-12-10 08:58:24
534,253,Purchase,32,2025-02-20 08:58:24
535,112,Sale,28,2024-12-08 08:58:24
536,287,Purchase,10,2024-12-19 08:58:24
537,383,Sale,13,2024-10-10 08:58:24
538,368,Purchase,45,2025-01-02 08:58:24
539,368,Sale,8,2024-04-18 08:58:24
540,471,Purchase,13,2024-06-05 08:58:24
541,489,Purchase,41,2024-10-15 08:58:24
542,219,Sale,21,2024-06-18 08:58:24
543,130,Sale,41,2024-11-18 08:58:24
544,262,Purchase,41,2025-01-18 08:58:24
545,154,Sale,27,2024-06-02 08:58:24
546,61,Purchase,15,2024-05-27 08:58:24
547,362,Purchase,19,2024-05-30 08:58:24
548,327,Sale,10,2024-04-25 08:58:24
549,271,Sale,49,2024-12-24 08:58:24
550,431,Purchase,40,2025-01-04 08:58:24
551,293,Purchase,29,2024-08-31 08:58:24
552,180,Sale,13,2024-05-18 08:58:24
553,158,Sale,6,2024-05-05 08:58:24
554,342,Purchase,37,2025-02-27 08:58:24
555,350,Purchase,36,2025-01-07 08:58:24
556,348,Sale,10,2025-01-21 08:58:24
557,264,Sale,20,2025-02-07 08:58:24
558,107,Purchase,40,2024-08-02 08:58:24
559,155,Sale,50,2024-11-12 08:58:24
560,13,Purchase,25,2024-09-28 08:58:24
561,201,Purchase,36,2024-07-16 08:58:24
562,364,Sale,44,2025-01-15 08:58:24
563,497,Purchase,19,2025-02-14 08:58:24
564,134,Purchase,19,2024-05-26 08:58:24
565,56,Purchase,27,2024-08-23 08:58:24
566,17,Sale,1,2024-09-21 08:58:24
567,24,Sale,11,2025-01-02 08:58:24
568,227,Purchase,24,2024-03-29 08:58:24
569,141,Purchase,47,2024-07-31 08:58:24
570,69,Sale,11,2024-12-31 08:58:24
571,234,Purchase,39,2024-08-25 08:58:24
572,202,Purchase,33,2024-11-22 08:58:24
573,304,Purchase,25,2024-05-20 08:58:24
574,192,Sale,35,2024-09-14 08:58:24
575,72,Purchase,27,2024-09-22 08:58:24
576,472,Purchase,7,2025-01-16 08:58:24
577,408,Sale,37,2024-04-14 08:58:24
578,10,Purchase,46,2024-12-01 08:58:24
579,391,Purchase,20,2024-06-06 08:58:24
580,185,Purchase,5,2024-05-23 08:58:24
581,338,Sale,41,2024-11-05 08:58:24
582,402,Sale,41,2024-12-09 08:58:24
583,171,Purchase,32,2024-11-16 08:58:24
584,483,Purchase,30,2025-02-09 08:58:24
585,61,Sale,10,2024-11-11 08:58:24
586,425,Sale,17,2024-03-20 08:58:24
587,274,Sale,13,2024-05-07 08:58:24
588,494,Purchase,23,2024-08-23 08:58:24
589,452,Sale,37,2024-11-08 08:58:24
590,423,Sale,21,2025-02-24 08:58:24
591,22,Purchase,45,2024-09-13 08:58:24
592,104,Sale,24,2024-09-13 08:58:24
593,301,Purchase,20,2024-10-29 08:58:24
594,144,Purchase,16,2024-08-30 08:58:24
595,263,Sale,50,2024-11-22 08:58:24
596,30,Sale,49,2024-10-21 08:58:24
597,239,Purchase,32,2024-07-05 08:58:24
598,201,Sale,24,2024-10-16 08:58:24
599,449,Purchase,5,2024-06-01 08:58:24
600,227,Sale,4,2024-11-14 08:58:24
601,495,Purchase,25,2024-09-07 08:58:24
602,499,Purchase,46,2024-07-07 08:58:24
603,259,Purchase,33,2024-08-09 08:58:24
604,376,Sale,33,2024-05-20 08:58:24
605,262,Purchase,15,2024-04-25 08:58:24
606,137,Sale,6,2024-11-03 08:58:24
607,402,Sale,12,2025-03-01 08:58:24
608,16,Sale,16,2024-05-27 08:58:24
609,161,Sale,32,2024-03-08 08:58:24
610,207,Sale,24,2024-12-05 08:58:24
611,55,Purchase,26,2024-10-28 08:58:24
612,81,Sale,46,2024-03-10 08:58:24
613,416,Sale,6,2025-02-05 08:58:24
614,170,Sale,1,2024-07-29 08:58:24
615,240,Sale,26,2025-02-17 08:58:24
616,489,Purchase,2,2024-05-12 08:58:24
617,9,Purchase,19,2024-03-12 08:58:24
618,304,Sale,38,2024-11-30 08:58:24
619,37,Sale,21,2024-07-12 08:58:24
620,126,Sale,21,2025-01-18 08:58:24
621,64,Sale,49,2024-09-25 08:58:24
622,30,Sale,32,2024-06-27 08:58:24
623,478,Purchase,15,2024-11-17 08:58:24
624,136,Sale,47,2024-06-02 08:58:24
625,95,Sale,24,2024-05-10 08:58:24
626,393,Sale,36,2024-05-31 08:58:24
627,304,Purchase,38,2024-03-23 08:58:24
628,216,Purchase,22,2024-04-10 08:58:24
629,41,Sale,19,2024-05-18 08:58:24
630,242,Sale,8,2025-02-15 08:58:24
631,210,Purchase,13,2024-08-05 08:58:24
632,289,Sale,34,2024-11-28 08:58:24
633,111,Purchase,28,2024-11-24 08:58:24
634,86,Purchase,40,2025-01-31 08:58:24
635,232,Sale,23,2024-10-26 08:58:24
636,121,Sale,8,2025-02-14 08:58:24
637,101,Sale,1,2024-03-11 08:58:24
638,440,Purchase,35,2024-12-31 08:58:24
639,335,Sale,12,2024-08-11 08:58:24
640,141,Sale,14,2024-08-12 08:58:24
641,141,Sale,45,2024-05-15 08:58:24
642,434,Sale,38,2024-05-16 08:58:24
643,462,Sale,6,2024-07-14 08:58:24
644,29,Purchase,32,2025-02-17 08:58:24
645,126,Sale,12,2024-12-25 08:58:24
646,238,Sale,16,2024-10-28 08:58:24
647,194,Purchase,19,2024-09-14 08:58:24
648,86,Purchase,27,2024-05-18 08:58:24
649,493,Purchase,27,2024-11-28 08:58:24
650,411,Purchase,12,2025-01-23 08:58:24
651,184,Sale,49,2024-08-18 08:58:24
652,455,Purchase,36,2025-02-04 08:58:24
653,339,Sale,7,2025-02-19 08:58:24
654,273,Sale,41,2024-10-09 08:58:24
655,421,Sale,44,2024-04-16 08:58:24
656,428,Sale,39,2024-09-22 08:58:24
657,155,Purchase,18,2024-07-20 08:58:24
658,62,Purchase,17,2024-09-16 08:58:24
659,177,Purchase,23,2024-04-26 08:58:24
660,181,Sale,42,2024-05-09 08:58:24
661,120,Sale,39,2024-07-14 08:58:24
662,401,Purchase,45,2024-12-19 08:58:24
663,133,Sale,34,2024-11-04 08:58:24
664,306,Purchase,31,2024-06-06 08:58:24
665,477,Sale,49,2024-08-04 08:58:24
666,487,Sale,30,2024-08-04 08:58:24
667,373,Purchase,28,2024-09-22 08:58:24
668,325,Purchase,22,2025-01-31 08:58:24
669,67,Sale,5,2024-10-20 08:58:24
670,224,Sale,36,2024-11-15 08:58:24
671,205,Purchase,14,2024-11-16 08:58:24
672,201,Sale,13,2024-08-29 08:58:24
673,378,Sale,43,2024-06-28 08:58:24
674,238,Purchase,36,2024-09-01 08:58:24
675,298,Purchase,5,2024-06-10 08:58:24
676,73,Sale,10,2024-04-19 08:58:24
677,37,Sale,10,2024-09-01 08:58:24
678,396,Sale,10,2024-10-31 08:58:24
679,54,Purchase,47,2024-10-01 08:58:24
680,82,Sale,31,2024-03-27 08:58:24
681,422,Sale,34,2025-01-28 08:58:24
682,330,Sale,14,2024-04-19 08:58:24
683,267,Sale,8,2024-10-11 08:58:24
684,462,Sale,29,2024-10-31 08:58:24
685,396,Purchase,50,2024-07-21 08:58:24
686,89,Purchase,29,2025-01-19 08:58:24
687,64,Sale,20,2024-08-29 08:58:24
688,89,Purchase,9,2024-10-25 08:58:24
689,361,Sale,34,2024-08-31 08:58:24
690,472,Purchase,33,2024-12-25 08:58:24
691,358,Purchase,10,2024-05-17 08:58:24
692,288,Sale,50,2024-05-30 08:58:24
693,82,Sale,22,2024-11-29 08:58:24
694,373,Sale,42,2024-06-17 08:58:24
695,55,Purchase,15,2025-01-09 08:58:24
696,207,Purchase,44,2024-08-19 08:58:24
697,319,Purchase,38,2024-03-26 08:58:24
698,416,Purchase,47,2024-07-31 08:58:24
699,491,Purchase,16,2024-10-23 08:58:24
700,299,Sale,40,2024-12-16 08:58:24
701,306,Purchase,8,2025-01-11 08:58:24
702,483,Sale,9,2024-12-29 08:58:24
703,475,Sale,46,2024-07-25 08:58:24
704,108,Sale,38,2024-12-08 08:58:24
705,95,Sale,42,2024-12-11 08:58:24
706,381,Purchase,37,2024-05-27 08:58:24
707,363,Sale,46,2025-02-18 08:58:24
708,455,Purchase,38,2024-05-07 08:58:24
709,395,Purchase,17,2024-04-05 08:58:24
710,259,Sale,41,2024-09-25 08:58:24
711,490,Sale,47,2024-04-11 08:58:24
712,44,Sale,22,2024-12-27 08:58:24
713,222,Purchase,19,2025-02-21 08:58:24
714,114,Purchase,5,2024-09-17 08:58:24
715,196,Sale,21,2024-08-03 08:58:24
716,290,Purchase,32,2024-12-05 08:58:24
717,342,Purchase,32,2025-02-23 08:58:24
718,285,Purchase,12,2024-09-16 08:58:24
719,155,Purchase,17,2024-10-11 08:58:24
720,436,Sale,17,2024-10-26 08:58:24
721,19,Sale,32,2024-05-24 08:58:24
722,325,Sale,42,2024-07-17 08:58:24
723,480,Purchase,3,2024-07-21 08:58:24
724,106,Sale,18,2024-04-07 08:58:24
725,445,Sale,13,2024-07-14 08:58:24
726,422,Sale,16,2024-06-11 08:58:24
727,305,Sale,23,2024-12-15 08:58:24
728,189,Sale,32,2024-10-31 08:58:24
729,416,Sale,3,2024-11-21 08:58:24
730,414,Sale,30,2024-03-23 08:58:24
731,178,Sale,1,2024-03-08 08:58:24
732,1,Purchase,23,2024-05-03 08:58:24
733,142,Sale,32,2024-07-24 08:58:24
734,10,Sale,14,2024-04-24 08:58:24
735,478,Sale,25,2025-02-03 08:58:24
736,111,Sale,33,2024-07-21 08:58:24
737,492,Purchase,47,2024-09-05 08:58:24
738,43,Purchase,14,2024-07-07 08:58:24
739,36,Purchase,7,2024-09-17 08:58:24
740,118,Sale,32,2024-10-10 08:58:24
741,451,Sale,11,2024-10-02 08:58:24
742,468,Purchase,22,2024-04-28 08:58:24
743,314,Sale,40,2024-05-23 08:58:24
744,255,Purchase,29,2024-12-04 08:58:24
745,481,Sale,33,2025-02-11 08:58:24
746,360,Sale,31,2024-08-19 08:58:24
747,440,Purchase,31,2025-01-01 08:58:24
748,134,Sale,17,2024-11-26 08:58:24
749,348,Sale,38,2024-03-26 08:58:24
750,483,Purchase,36,2024-12-25 08:58:24
751,273,Sale,34,2024-07-26 08:58:24
752,223,Purchase,40,2024-03-10 08:58:24
753,66,Sale,38,2024-12-30 08:58:24
754,59,Sale,40,2024-06-02 08:58:24
755,401,Purchase,30,2024-07-18 08:58:24
756,458,Purchase,44,2024-09-18 08:58:24
757,230,Sale,47,2024-07-31 08:58:24
758,187,Sale,10,2024-12-18 08:58:24
759,74,Sale,20,2024-04-04 08:58:24
760,120,Sale,46,2024-03-08 08:58:24
761,38,Purchase,18,2024-09-28 08:58:24
762,201,Sale,4,2024-07-04 08:58:24
763,91,Purchase,48,2024-07-07 08:58:24
764,37,Purchase,25,2024-12-28 08:58:24
765,50,Sale,1,2024-04-23 08:58:24
766,470,Sale,17,2024-12-27 08:58:24
767,444,Purchase,45,2024-04-27 08:58:24
768,64,Purchase,14,2024-03-08 08:58:24
769,483,Purchase,14,2024-05-21 08:58:24
770,280,Purchase,49,2025-02-07 08:58:24
771,379,Sale,2,2024-04-06 08:58:24
772,450,Purchase,49,2025-02-11 08:58:24
773,500,Sale,18,2024-03-13 08:58:24
774,286,Sale,19,2025-02-14 08:58:24
775,129,Sale,12,2024-08-10 08:58:24
776,487,Sale,32,2024-05-31 08:58:24
777,129,Purchase,7,2024-09-10 08:58:24
778,354,Sale,24,2024-04-06 08:58:24
779,425,Purchase,20,2024-11-09 08:58:24
780,335,Sale,3,2024-11-06 08:58:24
781,395,Sale,22,2025-01-30 08:58:24
782,71,Sale,21,2024-04-16 08:58:24
783,32,Sale,14,2024-04-17 08:58:24
784,96,Sale,50,2025-01-16 08:58:24
785,26,Sale,29,2024-05-25 08:58:24
786,482,Purchase,50,2024-04-16 08:58:24
787,306,Purchase,5,2024-08-07 08:58:24
788,64,Purchase,3,2024-11-12 08:58:24
789,439,Purchase,29,2024-04-24 08:58:24
790,240,Sale,44,2024-06-07 08:58:24
791,217,Sale,5,2025-01-31 08:58:24
792,456,Purchase,50,2025-01-28 08:58:24
793,396,Sale,45,2024-03-15 08:58:24
794,112,Sale,38,2024-11-24 08:58:24
795,170,Sale,25,2024-04-15 08:58:24
796,123,Sale,48,2024-12-25 08:58:24
797,133,Sale,40,2024-12-03 08:58:24
798,289,Purchase,5,2024-11-07 08:58:24
799,50,Purchase,2,2024-11-07 08:58:24
800,354,Sale,21,2024-04-16 08:58:24
801,438,Sale,45,2024-11-29 08:58:24
802,1,Purchase,50,2024-10-22 08:58:24
803,252,Purchase,27,2024-12-27 08:58:24
804,392,Purchase,27,2024-12-26 08:58:24
805,247,Sale,44,2024-04-25 08:58:24
806,480,Sale,46,2024-11-16 08:58:24
807,268,Purchase,20,2024-10-16 08:58:24
808,324,Purchase,7,2024-12-24 08:58:24
809,257,Sale,31,2024-08-26 08:58:24
810,192,Sale,2,2024-07-07 08:58:24
811,32,Sale,3,2024-07-27 08:58:24
812,249,Purchase,14,2025-02-01 08:58:24
813,102,Sale,45,2024-07-20 08:58:24
814,249,Sale,32,2024-04-22 08:58:24
815,23,Sale,10,2024-11-25 08:58:24
816,55,Sale,6,2025-01-29 08:58:24
817,118,Sale,3,2024-04-27 08:58:24
818,467,Purchase,27,2024-04-08 08:58:24
819,303,Sale,32,2025-01-21 08:58:24
820,267,Purchase,34,2024-09-25 08:58:24
821,324,Sale,47,2024-09-16 08:58:24
822,465,Purchase,27,2024-03-11 08:58:24
823,144,Sale,31,2024-06-13 08:58:24
824,17,Purchase,35,2024-09-23 08:58:24
825,419,Purchase,18,2024-11-12 08:58:24
826,358,Sale,38,2024-08-28 08:58:24
827,53,Purchase,48,2024-09-20 08:58:24
828,386,Purchase,29,2024-10-10 08:58:24
829,24,Purchase,49,2024-09-24 08:58:24
830,55,Sale,49,2024-08-23 08:58:24
831,111,Purchase,8,2025-01-11 08:58:24
832,194,Sale,46,2024-04-16 08:58:24
833,104,Sale,2,2024-11-17 08:58:24
834,328,Sale,22,2024-08-25 08:58:24
835,392,Sale,45,2024-12-24 08:58:24
836,298,Purchase,10,2024-03-13 08:58:24
837,101,Sale,26,2024-08-01 08:58:24
838,87,Purchase,39,2025-02-28 08:58:24
839,366,Sale,12,2024-08-08 08:58:24
840,236,Sale,30,2025-03-04 08:58:24
841,332,Purchase,31,2025-01-06 08:58:24
842,341,Purchase,44,2024-12-24 08:58:24
843,328,Sale,33,2024-12-30 08:58:24
844,122,Sale,48,2024-07-04 08:58:24
845,275,Purchase,24,2024-07-09 08:58:24
846,420,Purchase,24,2024-03-29 08:58:24
847,319,Sale,29,2024-07-08 08:58:24
848,318,Purchase,15,2024-04-21 08:58:24
849,315,Purchase,25,2024-10-15 08:58:24
850,479,Sale,23,2024-08-26 08:58:24
851,282,Purchase,14,2024-11-17 08:58:24
852,443,Sale,16,2025-02-12 08:58:24
853,478,Sale,12,2024-06-16 08:58:24
854,34,Purchase,27,2024-12-29 08:58:24
855,32,Purchase,21,2024-12-02 08:58:24
856,262,Sale,12,2024-09-22 08:58:24
857,183,Sale,1,2025-01-09 08:58:24
858,169,Purchase,21,2024-07-27 08:58:24
859,316,Purchase,16,2024-05-30 08:58:24
860,82,Purchase,25,2024-10-26 08:58:24
861,283,Sale,16,2024-08-04 08:58:24
862,467,Sale,37,2024-12-11 08:58:24
863,129,Purchase,49,2024-06-05 08:58:24
864,382,Purchase,25,2024-06-20 08:58:24
865,103,Purchase,38,2025-01-23 08:58:24
866,50,Sale,20,2024-10-26 08:58:24
867,73,Purchase,30,2024-11-25 08:58:24
868,498,Sale,24,2025-01-29 08:58:24
869,27,Purchase,25,2024-07-26 08:58:24
870,147,Sale,42,2024-08-30 08:58:24
871,14,Purchase,34,2024-10-04 08:58:24
872,293,Sale,15,2024-12-12 08:58:24
873,367,Sale,30,2024-11-27 08:58:24
874,35,Sale,39,2024-11-07 08:58:24
875,265,Sale,16,2024-03-12 08:58:24
876,222,Sale,23,2024-10-04 08:58:24
877,278,Sale,50,2024-12-21 08:58:24
878,75,Purchase,13,2024-03-05 08:58:24
879,192,Sale,43,2024-12-28 08:58:24
880,41,Purchase,6,2024-11-08 08:58:24
881,1,Sale,45,2024-11-10 08:58:24
882,327,Purchase,45,2024-12-27 08:58:24
883,202,Purchase,49,2025-02-06 08:58:24
884,384,Purchase,13,2024-06-22 08:58:24
885,166,Sale,22,2024-08-26 08:58:24
886,36,Sale,16,2024-05-30 08:58:24
887,444,Sale,9,2024-06-04 08:58:24
888,378,Sale,30,2024-03-17 08:58:24
889,123,Purchase,45,2024-09-03 08:58:24
890,219,Sale,7,2024-08-05 08:58:24
891,479,Purchase,12,2024-10-23 08:58:24
892,22,Purchase,21,2024-11-27 08:58:24
893,488,Sale,40,2024-09-02 08:58:24
894,252,Purchase,14,2025-01-12 08:58:24
895,317,Sale,11,2025-02-24 08:58:24
896,243,Purchase,6,2024-05-28 08:58:24
897,132,Purchase,31,2024-03-28 08:58:24
898,305,Purchase,1,2024-11-06 08:58:24
899,8,Sale,9,2024-09-11 08:58:24
900,326,Purchase,19,2024-10-13 08:58:24
901,101,Sale,14,2025-02-20 08:58:24
902,22,Purchase,48,2024-12-17 08:58:24
903,498,Sale,25,2024-07-15 08:58:24
904,44,Purchase,23,2024-06-01 08:58:24
905,180,Purchase,35,2024-11-04 08:58:24
906,390,Sale,37,2024-04-29 08:58:24
907,268,Sale,7,2024-04-09 08:58:24
908,288,Purchase,32,2024-05-29 08:58:24
909,286,Purchase,43,2024-09-09 08:58:24
910,331,Sale,6,2024-09-02 08:58:24
911,314,Purchase,28,2024-08-10 08:58:24
912,370,Sale,18,2025-01-28 08:58:24
913,401,Sale,36,2024-08-18 08:58:24
914,406,Purchase,46,2024-12-23 08:58:24
915,421,Purchase,5,2024-08-12 08:58:24
916,441,Purchase,41,2024-09-24 08:58:24
917,336,Purchase,10,2024-06-26 08:58:24
918,60,Purchase,44,2024-10-19 08:58:24
919,121,Purchase,13,2024-07-06 08:58:24
920,388,Purchase,47,2024-12-11 08:58:24
921,478,Purchase,9,2024-05-20 08:58:24
922,256,Sale,10,2024-10-05 08:58:24
923,318,Purchase,18,2024-04-04 08:58:24
924,479,Sale,48,2024-10-18 08:58:24
925,291,Sale,24,2025-01-07 08:58:24
926,305,Purchase,46,2024-03-19 08:58:24
927,370,Sale,15,2024-06-30 08:58:24
928,330,Purchase,4,2024-09-19 08:58:24
929,37,Purchase,50,2024-07-25 08:58:24
930,477,Purchase,29,2024-05-20 08:58:24
931,336,Purchase,14,2024-04-18 08:58:24
932,164,Sale,49,2025-01-31 08:58:24
933,443,Sale,30,2024-07-22 08:58:24
934,246,Purchase,19,2024-10-10 08:58:24
935,425,Sale,33,2024-03-16 08:58:24
936,166,Sale,8,2024-07-24 08:58:24
937,87,Sale,4,2024-05-05 08:58:24
938,314,Purchase,45,2025-01-19 08:58:24
939,371,Purchase,6,2024-08-14 08:58:24
940,275,Purchase,18,2024-03-26 08:58:24
941,128,Sale,32,2024-05-30 08:58:24
942,251,Sale,7,2024-12-24 08:58:24
943,248,Sale,32,2025-01-26 08:58:24
944,338,Sale,26,2024-11-12 08:58:24
945,274,Sale,8,2024-10-10 08:58:24
946,168,Purchase,10,2024-03-09 08:58:24
947,229,Sale,32,2024-06-05 08:58:24
948,116,Purchase,14,2024-08-07 08:58:24
949,387,Purchase,50,2024-09-08 08:58:24
950,317,Sale,7,2024-03-29 08:58:24
951,259,Purchase,22,2024-07-05 08:58:24
952,271,Sale,35,2024-08-22 08:58:24
953,467,Purchase,5,2024-07-25 08:58:24
954,210,Purchase,34,2024-07-19 08:58:24
955,220,Purchase,48,2024-10-08 08:58:24
956,396,Purchase,7,2024-08-08 08:58:24
957,217,Sale,26,2024-07-19 08:58:24
958,402,Sale,39,2024-11-27 08:58:24
959,346,Sale,24,2024-11-22 08:58:24
960,473,Sale,29,2025-01-31 08:58:24
961,351,Purchase,33,2024-05-19 08:58:24
962,61,Sale,41,2024-07-11 08:58:24
963,120,Purchase,48,2024-05-29 08:58:24
964,390,Sale,2,2024-12-05 08:58:24
965,262,Sale,22,2024-06-23 08:58:24
966,469,Purchase,37,2024-09-14 08:58:24
967,265,Purchase,9,2024-04-27 08:58:24
968,324,Sale,24,2025-01-15 08:58:24
969,359,Sale,34,2024-05-25 08:58:24
970,362,Sale,17,2025-02-07 08:58:24
971,248,Purchase,31,2024-05-17 08:58:24
972,267,Purchase,11,2025-01-03 08:58:24
973,418,Sale,34,2025-01-03 08:58:24
974,193,Sale,21,2024-10-07 08:58:24
975,382,Sale,15,2024-04-07 08:58:24
976,454,Purchase,8,2024-08-30 08:58:24
977,437,Purchase,47,2024-05-14 08:58:24
978,220,Purchase,14,2025-03-02 08:58:24
979,260,Purchase,12,2025-02-26 08:58:24
980,422,Sale,28,2025-01-27 08:58:24
981,416,Sale,5,2024-09-29 08:58:24
982,338,Sale,43,2024-11-21 08:58:24
983,227,Purchase,33,2024-05-19 08:58:24
984,269,Sale,15,2025-01-30 08:58:24
985,441,Purchase,1,2024-12-28 08:58:24
986,61,Purchase,30,2024-06-03 08:58:24
987,129,Purchase,48,2024-03-25 08:58:24
988,123,Purchase,13,2024-09-19 08:58:24
989,164,Purchase,24,2024-05-08 08:58:24
990,452,Purchase,46,2024-09-06 08:58:24
991,178,Purchase,19,2024-07-11 08:58:24
992,197,Sale,25,2025-01-11 08:58:24
993,442,Purchase,39,2024-06-25 08:58:24
994,36,Purchase,1,2024-11-02 08:58:24
995,106,Purchase,35,2024-12-12 08:58:24
996,312,Sale,18,2024-10-05 08:58:24
997,159,Purchase,30,2024-08-07 08:58:24
998,122,Purchase,16,2024-03-28 08:58:24
999,54,Purchase,11,2024-04-02 08:58:24
1000,273,Purchase,44,2024-12-29 08:58:24
1001,148,Purchase,33,2024-10-21 08:58:24
1002,13,Purchase,41,2024-05-05 08:58:24
1003,51,Sale,31,2024-04-25 08:58:24
1004,277,Purchase,48,2024-10-11 08:58:24
1005,231,Purchase,18,2024-05-16 08:58:24
1006,135,Purchase,48,2024-09-25 08:58:24
1007,468,Purchase,6,2025-01-17 08:58:24
1008,410,Purchase,33,2024-07-08 08:58:24
1009,288,Purchase,5,2024-11-23 08:58:24
1010,255,Purchase,49,2025-01-06 08:58:24
1011,429,Purchase,30,2024-12-29 08:58:24
1012,109,Sale,3,2024-03-30 08:58:24
1013,108,Purchase,40,2024-05-23 08:58:24
1014,480,Sale,23,2025-01-26 08:58:24
1015,61,Purchase,1,2024-08-19 08:58:24
1016,30,Sale,13,2024-03-31 08:58:24
1017,156,Purchase,48,2024-10-24 08:58:24
1018,172,Sale,2,2025-02-13 08:58:24
1019,263,Purchase,18,2024-04-18 08:58:24
1020,81,Purchase,19,2024-08-06 08:58:24
1021,283,Purchase,39,2024-03-14 08:58:24
1022,266,Sale,21,2025-02-08 08:58:24
1023,377,Purchase,33,2024-11-08 08:58:24
1024,37,Purchase,50,2024-09-13 08:58:24
1025,22,Purchase,20,2024-10-24 08:58:24
1026,495,Purchase,50,2024-11-22 08:58:24
1027,184,Sale,42,2025-01-09 08:58:24
1028,147,Purchase,36,2024-03-21 08:58:24
1029,85,Purchase,37,2024-05-24 08:58:24
1030,136,Purchase,25,2025-02-05 08:58:24
1031,443,Purchase,15,2024-09-26 08:58:24
1032,379,Sale,45,2024-06-07 08:58:24
1033,450,Sale,35,2025-01-31 08:58:24
1034,478,Purchase,34,2024-03-26 08:58:24
1035,43,Sale,28,2024-04-28 08:58:24
1036,397,Sale,20,2024-10-08 08:58:24
1037,374,Purchase,28,2024-04-27 08:58:24
1038,287,Sale,48,2024-08-28 08:58:24
1039,230,Purchase,10,2024-04-10 08:58:24
1040,178,Purchase,43,2024-10-20 08:58:24
1041,299,Purchase,13,2025-02-03 08:58:24
1042,245,Sale,29,2025-01-23 08:58:24
1043,476,Purchase,40,2024-07-12 08:58:24
1044,234,Purchase,35,2024-08-15 08:58:24
1045,105,Sale,46,2024-11-29 08:58:24
1046,398,Sale,24,2025-02-19 08:58:24
1047,51,Sale,30,2024-08-16 08:58:24
1048,204,Purchase,9,2025-01-10 08:58:24
1049,343,Purchase,40,2024-11-05 08:58:24
1050,263,Purchase,46,2024-08-14 08:58:24
1051,146,Sale,3,2024-05-25 08:58:24
1052,63,Sale,43,2024-05-12 08:58:24
1053,182,Purchase,23,2024-12-21 08:58:24
1054,455,Sale,46,2024-04-29 08:58:24
1055,188,Sale,6,2024-11-23 08:58:24
1056,372,Sale,33,2024-03-11 08:58:24
1057,245,Purchase,14,2024-04-23 08:58:24
1058,328,Purchase,45,2024-08-26 08:58:24
1059,193,Purchase,43,2024-10-09 08:58:24
1060,129,Purchase,44,2025-02-11 08:58:24
1061,245,Purchase,41,2025-01-25 08:58:24
1062,25,Purchase,1,2024-12-22 08:58:24
1063,185,Purchase,43,2024-04-08 08:58:24
1064,439,Sale,21,2024-11-14 08:58:24
1065,4,Sale,31,2024-11-15 08:58:24
1066,182,Purchase,17,2024-07-14 08:58:24
1067,22,Purchase,38,2024-09-02 08:58:24
1068,445,Purchase,43,2025-02-26 08:58:24
1069,205,Sale,13,2024-05-26 08:58:24
1070,125,Sale,15,2024-04-26 08:58:24
1071,30,Sale,48,2024-08-01 08:58:24
1072,101,Sale,2,2024-07-06 08:58:24
1073,409,Purchase,50,2024-05-13 08:58:24
1074,426,Sale,16,2024-07-04 08:58:24
1075,320,Purchase,4,2024-03-21 08:58:24
1076,70,Purchase,50,2024-10-16 08:58:24
1077,428,Sale,47,2025-01-24 08:58:24
1078,105,Purchase,40,2024-08-04 08:58:24
1079,55,Sale,11,2024-10-04 08:58:24
1080,42,Sale,18,2025-01-21 08:58:24
1081,373,Sale,23,2024-09-30 08:58:24
1082,428,Sale,2,2025-01-07 08:58:24
1083,120,Sale,46,2024-09-10 08:58:24
1084,446,Purchase,21,2024-04-24 08:58:24
1085,410,Purchase,18,2024-09-02 08:58:24
1086,406,Sale,43,2024-06-05 08:58:24
1087,405,Sale,14,2024-09-05 08:58:24
1088,400,Purchase,44,2024-11-02 08:58:24
1089,324,Purchase,27,2024-08-14 08:58:24
1090,473,Sale,7,2025-02-20 08:58:24
1091,44,Sale,15,2024-05-31 08:58:24
1092,27,Sale,26,2024-05-13 08:58:24
1093,411,Sale,44,2025-01-15 08:58:24
1094,338,Purchase,38,2025-01-17 08:58:24
1095,377,Purchase,13,2024-10-30 08:58:24
1096,41,Purchase,13,2024-08-18 08:58:24
1097,177,Sale,44,2024-05-25 08:58:24
1098,220,Sale,18,2024-12-02 08:58:24
1099,415,Sale,4,2024-08-03 08:58:24
1100,359,Purchase,36,2024-12-10 08:58:24
1101,102,Purchase,44,2024-09-17 08:58:24
1102,131,Sale,34,2024-04-01 08:58:24
1103,282,Sale,14,2024-06-12 08:58:24
1104,418,Sale,21,2024-06-28 08:58:24
1105,374,Purchase,49,2024-08-02 08:58:24
1106,268,Purchase,45,2024-05-26 08:58:24
1107,97,Purchase,30,2024-06-15 08:58:24
1108,282,Sale,22,2024-07-16 08:58:24
1109,139,Sale,33,2024-04-14 08:58:24
1110,373,Purchase,44,2024-04-09 08:58:24
1111,44,Purchase,39,2025-01-02 08:58:24
1112,1,Sale,20,2024-12-15 08:58:24
1113,35,Sale,28,2024-12-04 08:58:24
1114,476,Sale,35,2024-12-26 08:58:24
1115,426,Sale,33,2025-02-15 08:58:24
1116,24,Sale,31,2024-03-05 08:58:24
1117,206,Purchase,42,2024-11-23 08:58:24
1118,245,Sale,12,2024-03-17 08:58:24
1119,70,Purchase,36,2025-01-31 08:58:24
1120,116,Purchase,35,2024-05-06 08:58:24
1121,384,Purchase,15,2024-12-02 08:58:24
1122,125,Purchase,43,2024-03-17 08:58:24
1123,155,Sale,41,2024-07-19 08:58:24
1124,356,Purchase,3,2025-02-01 08:58:24
1125,491,Sale,46,2024-12-14 08:58:24
1126,253,Purchase,21,2024-09-01 08:58:24
1127,132,Sale,32,2024-04-23 08:58:24
1128,106,Purchase,34,2024-03-26 08:58:24
1129,248,Sale,27,2024-07-16 08:58:24
1130,226,Purchase,39,2025-02-24 08:58:24
1131,124,Purchase,30,2024-11-04 08:58:24
1132,7,Purchase,4,2024-03-05 08:58:24
1133,366,Purchase,35,2024-08-21 08:58:24
1134,439,Sale,27,2024-07-21 08:58:24
1135,495,Sale,41,2024-04-23 08:58:24
1136,338,Sale,35,2024-11-12 08:58:24
1137,225,Sale,23,2025-02-19 08:58:24
1138,333,Purchase,35,2024-06-30 08:58:24
1139,85,Purchase,48,2024-09-13 08:58:24
1140,14,Purchase,36,2024-09-20 08:58:24
1141,190,Sale,43,2024-04-25 08:58:24
1142,430,Sale,27,2024-10-10 08:58:24
1143,228,Sale,48,2024-09-11 08:58:24
1144,34,Sale,2,2024-10-29 08:58:24
1145,444,Sale,31,2024-09-13 08:58:24
1146,236,Purchase,29,2024-10-24 08:58:24
1147,130,Sale,12,2024-10-30 08:58:24
1148,252,Sale,45,2024-09-14 08:58:24
1149,95,Sale,17,2024-12-29 08:58:24
1150,469,Purchase,9,2024-07-12 08:58:24
1151,449,Purchase,48,2024-07-07 08:58:24
1152,338,Sale,43,2024-09-04 08:58:24
1153,18,Sale,44,2024-03-12 08:58:24
1154,141,Purchase,27,2024-06-14 08:58:24
1155,398,Sale,4,2024-11-25 08:58:24
1156,220,Purchase,4,2024-08-16 08:58:24
1157,301,Sale,47,2024-04-23 08:58:24
1158,254,Sale,17,2025-02-27 08:58:24
1159,56,Sale,31,2024-09-30 08:58:24
1160,362,Sale,44,2025-02-03 08:58:24
1161,16,Sale,30,2024-04-29 08:58:24
1162,257,Sale,13,2024-11-03 08:58:24
1163,221,Purchase,41,2024-10-18 08:58:24
1164,270,Purchase,11,2024-06-08 08:58:24
1165,374,Sale,24,2024-09-27 08:58:24
1166,370,Purchase,14,2024-09-02 08:58:24
1167,79,Sale,25,2024-09-25 08:58:24
1168,131,Sale,28,2025-01-12 08:58:24
1169,274,Purchase,3,2024-08-28 08:58:24
1170,264,Purchase,42,2024-09-21 08:58:24
1171,67,Sale,12,2024-07-03 08:58:24
1172,490,Purchase,3,2024-03-10 08:58:24
1173,183,Purchase,30,2024-09-06 08:58:24
1174,280,Sale,11,2024-03-11 08:58:24
1175,148,Purchase,27,2024-04-21 08:58:24
1176,328,Sale,5,2025-02-14 08:58:24
1177,267,Sale,30,2024-04-22 08:58:24
1178,343,Sale,1,2024-09-02 08:58:24
1179,274,Purchase,42,2024-12-18 08:58:24
1180,414,Purchase,16,2024-08-19 08:58:24
1181,282,Sale,14,2024-10-28 08:58:24
1182,42,Sale,46,2024-11-05 08:58:24
1183,269,Purchase,40,2024-08-24 08:58:24
1184,218,Sale,27,2024-06-23 08:58:24
1185,225,Sale,1,2024-12-16 08:58:24
1186,151,Sale,23,2024-09-15 08:58:24
1187,448,Sale,45,2024-10-16 08:58:24
1188,303,Sale,9,2025-01-09 08:58:24
1189,46,Sale,28,2024-08-30 08:58:24
1190,292,Purchase,50,2024-04-03 08:58:24
1191,232,Sale,46,2024-08-10 08:58:24
1192,322,Purchase,3,2024-08-29 08:58:24
1193,309,Sale,38,2024-09-14 08:58:24
1194,186,Purchase,49,2024-07-05 08:58:24
1195,263,Sale,30,2024-11-03 08:58:24
1196,83,Purchase,26,2024-09-21 08:58:24
1197,285,Purchase,14,2024-05-29 08:58:24
1198,184,Purchase,41,2024-08-03 08:58:24
1199,111,Purchase,29,2025-01-27 08:58:24
1200,201,Purchase,21,2024-06-22 08:58:24
1201,469,Purchase,23,2024-11-03 08:58:24
1202,229,Purchase,16,2024-06-06 08:58:24
1203,218,Purchase,40,2024-11-15 08:58:24
1204,330,Purchase,45,2024-07-11 08:58:24
1205,71,Purchase,27,2024-05-14 08:58:24
1206,357,Sale,40,2024-10-08 08:58:24
1207,84,Sale,46,2024-06-25 08:58:24
1208,199,Purchase,14,2024-03-08 08:58:24
1209,153,Purchase,17,2024-07-26 08:58:24
1210,397,Sale,21,2024-03-19 08:58:24
1211,423,Sale,3,2024-10-25 08:58:24
1212,358,Sale,7,2025-01-19 08:58:24
1213,379,Purchase,9,2024-12-12 08:58:24
1214,404,Sale,37,2024-05-15 08:58:24
1215,344,Purchase,18,2024-06-23 08:58:24
1216,128,Purchase,23,2024-06-19 08:58:24
1217,214,Purchase,48,2025-02-24 08:58:24
1218,202,Sale,4,2024-10-11 08:58:24
1219,390,Sale,26,2025-01-24 08:58:24
1220,66,Purchase,34,2024-06-21 08:58:24
1221,246,Sale,39,2024-06-17 08:58:24
1222,148,Purchase,12,2024-11-11 08:58:24
1223,471,Purchase,18,2024-12-26 08:58:24
1224,374,Purchase,41,2025-01-16 08:58:24
1225,368,Sale,25,2024-10-18 08:58:24
1226,460,Sale,18,2024-06-06 08:58:24
1227,173,Sale,30,2024-11-25 08:58:24
1228,466,Sale,12,2024-07-30 08:58:24
1229,494,Sale,3,2024-05-16 08:58:24
1230,164,Sale,27,2024-03-09 08:58:24
1231,149,Sale,19,2024-08-18 08:58:24
1232,83,Sale,6,2024-05-07 08:58:24
1233,321,Sale,4,2024-06-23 08:58:24
1234,121,Sale,32,2024-07-28 08:58:24
1235,260,Sale,17,2024-10-21 08:58:24
1236,203,Purchase,20,2024-12-14 08:58:24
1237,457,Purchase,50,2024-04-22 08:58:24
1238,207,Purchase,22,2024-04-12 08:58:24
1239,304,Purchase,36,2024-10-31 08:58:24
1240,74,Sale,24,2024-12-26 08:58:24
1241,333,Purchase,3,2024-07-26 08:58:24
1242,20,Sale,8,2025-02-08 08:58:24
1243,185,Purchase,23,2025-01-20 08:58:24
1244,13,Purchase,18,2024-07-21 08:58:24
1245,419,Sale,27,2024-10-07 08:58:24
1246,378,Purchase,36,2024-04-22 08:58:24
1247,399,Sale,23,2024-04-06 08:58:24
1248,498,Purchase,42,2024-05-04 08:58:24
1249,438,Sale,8,2025-01-26 08:58:24
1250,492,Purchase,49,2024-12-15 08:58:24
1251,368,Sale,18,2024-09-11 08:58:24
1252,322,Sale,14,2024-07-04 08:58:24
1253,443,Sale,6,2024-06-28 08:58:24
1254,326,Purchase,8,2024-08-06 08:58:24
1255,32,Sale,45,2024-09-09 08:58:24
1256,344,Purchase,41,2024-10-01 08:58:24
1257,430,Sale,33,2024-11-11 08:58:24
1258,266,Sale,36,2024-08-23 08:58:24
1259,122,Sale,43,2024-05-22 08:58:24
1260,305,Sale,17,2024-06-10 08:58:24
1261,457,Purchase,11,2024-11-12 08:58:24
1262,344,Sale,21,2025-03-03 08:58:24
1263,459,Sale,36,2024-10-11 08:58:24
1264,196,Sale,17,2024-10-17 08:58:24
1265,414,Purchase,40,2024-05-02 08:58:24
1266,50,Purchase,40,2024-12-30 08:58:24
1267,310,Purchase,43,2024-05-13 08:58:24
1268,436,Purchase,15,2024-12-03 08:58:24
1269,382,Sale,47,2024-08-08 08:58:24
1270,63,Sale,16,2024-05-18 08:58:24
1271,110,Sale,32,2025-02-06 08:58:24
1272,391,Purchase,19,2024-08-16 08:58:24
1273,386,Purchase,21,2024-05-08 08:58:24
1274,41,Sale,41,2024-06-02 08:58:24
1275,13,Purchase,16,2024-06-05 08:58:24
1276,39,Purchase,22,2024-08-02 08:58:24
1277,3,Purchase,29,2024-06-28 08:58:24
1278,20,Purchase,30,2024-12-01 08:58:24
1279,230,Purchase,40,2025-01-17 08:58:24
1280,461,Purchase,26,2024-09-29 08:58:24
1281,393,Purchase,11,2024-06-28 08:58:24
1282,238,Sale,36,2025-02-21 08:58:24
1283,215,Sale,35,2024-10-31 08:58:24
1284,204,Sale,26,2025-01-25 08:58:24
1285,487,Sale,20,2024-08-25 08:58:24
1286,166,Sale,40,2024-04-29 08:58:24
1287,25,Purchase,43,2024-11-03 08:58:24
1288,370,Sale,50,2024-09-22 08:58:24
1289,192,Purchase,14,2025-01-19 08:58:24
1290,149,Sale,49,2024-09-24 08:58:24
1291,397,Purchase,33,2024-10-29 08:58:24
1292,431,Sale,14,2024-10-30 08:58:24
1293,355,Purchase,5,2024-06-23 08:58:24
1294,418,Sale,29,2024-11-12 08:58:24
1295,15,Sale,42,2024-10-06 08:58:24
1296,125,Sale,42,2025-02-16 08:58:24
1297,86,Purchase,17,2024-11-05 08:58:24
1298,181,Sale,43,2024-07-06 08:58:24
1299,90,Sale,11,2024-12-05 08:58:24
1300,423,Purchase,10,2024-07-08 08:58:24
1301,237,Sale,31,2024-12-27 08:58:24
1302,21,Sale,8,2024-07-25 08:58:24
1303,62,Purchase,50,2025-02-25 08:58:24
1304,201,Sale,24,2024-09-14 08:58:24
1305,121,Sale,32,2024-09-12 08:58:24
1306,46,Sale,21,2025-03-04 08:58:24
1307,487,Sale,10,2024-03-05 08:58:24
1308,382,Purchase,20,2024-06-29 08:58:24
1309,22,Purchase,15,2024-08-26 08:58:24
1310,388,Purchase,4,2025-01-14 08:58:24
1311,370,Purchase,19,2025-01-01 08:58:24
1312,126,Sale,27,2024-11-06 08:58:24
1313,413,Sale,2,2024-05-08 08:58:24
1314,186,Sale,41,2024-07-03 08:58:24
1315,303,Purchase,41,2024-06-20 08:58:24
1316,234,Sale,40,2025-02-04 08:58:24
1317,149,Purchase,8,2025-01-14 08:58:24
1318,391,Sale,36,2024-09-23 08:58:24
1319,364,Purchase,15,2024-03-26 08:58:24
1320,260,Sale,46,2024-07-23 08:58:24
1321,244,Purchase,16,2024-12-09 08:58:24
1322,226,Purchase,37,2024-07-27 08:58:24
1323,261,Purchase,45,2024-06-28 08:58:24
1324,168,Purchase,36,2024-04-12 08:58:24
1325,312,Sale,33,2024-09-26 08:58:24
1326,128,Purchase,22,2025-01-03 08:58:24
1327,163,Sale,17,2024-09-09 08:58:24
1328,101,Purchase,38,2024-03-14 08:58:24
1329,90,Sale,8,2024-03-19 08:58:24
1330,4,Purchase,35,2025-01-17 08:58:24
1331,374,Purchase,27,2024-05-22 08:58:24
1332,442,Purchase,16,2024-07-04 08:58:24
1333,149,Sale,23,2024-06-25 08:58:24
1334,149,Sale,41,2024-11-23 08:58:24
1335,334,Purchase,25,2024-12-13 08:58:24
1336,283,Purchase,37,2024-11-08 08:58:24
1337,368,Sale,49,2025-01-27 08:58:24
1338,301,Purchase,20,2024-09-23 08:58:24
1339,183,Purchase,31,2024-04-03 08:58:24
1340,261,Purchase,23,2025-02-26 08:58:24
1341,106,Sale,49,2024-03-22 08:58:24
1342,178,Sale,2,2024-05-12 08:58:24
1343,224,Purchase,27,2024-08-12 08:58:24
1344,313,Purchase,35,2024-12-29 08:58:24
1345,354,Sale,28,2025-02-24 08:58:24
1346,189,Purchase,46,2024-04-28 08:58:24
1347,190,Sale,48,2024-09-08 08:58:24
1348,2,Purchase,10,2025-02-05 08:58:24
1349,425,Purchase,37,2024-05-22 08:58:24
1350,130,Purchase,2,2024-09-01 08:58:24
1351,296,Sale,26,2024-08-29 08:58:24
1352,250,Purchase,1,2025-02-17 08:58:24
1353,393,Purchase,10,2024-08-02 08:58:24
1354,207,Sale,9,2024-06-14 08:58:24
1355,289,Sale,9,2025-02-02 08:58:24
1356,4,Purchase,42,2024-05-21 08:58:24
1357,84,Purchase,8,2024-09-27 08:58:24
1358,370,Purchase,37,2025-02-14 08:58:24
1359,463,Sale,26,2024-12-23 08:58:24
1360,244,Purchase,40,2025-01-20 08:58:24
1361,154,Sale,14,2024-10-10 08:58:24
1362,361,Sale,28,2024-03-30 08:58:24
1363,317,Purchase,19,2024-08-25 08:58:24
1364,60,Sale,19,2024-09-19 08:58:24
1365,93,Purchase,33,2024-12-06 08:58:24
1366,352,Purchase,18,2024-05-18 08:58:24
1367,232,Sale,12,2024-09-14 08:58:24
1368,500,Sale,20,2025-01-31 08:58:24
1369,37,Sale,49,2024-04-25 08:58:24
1370,490,Purchase,24,2024-12-23 08:58:24
1371,305,Sale,45,2024-06-10 08:58:24
1372,13,Purchase,38,2024-08-02 08:58:24
1373,222,Purchase,25,2024-04-27 08:58:24
1374,188,Purchase,31,2024-10-03 08:58:24
1375,464,Sale,42,2024-10-06 08:58:24
1376,40,Sale,33,2025-01-23 08:58:24
1377,133,Sale,27,2024-05-09 08:58:24
1378,279,Purchase,47,2024-04-06 08:58:24
1379,243,Purchase,36,2025-01-01 08:58:24
1380,493,Purchase,47,2024-05-02 08:58:24
1381,237,Sale,25,2025-01-23 08:58:24
1382,301,Sale,46,2025-01-29 08:58:24
1383,479,Sale,4,2024-11-26 08:58:24
1384,324,Purchase,28,2024-10-10 08:58:24
1385,17,Sale,33,2024-11-18 08:58:24
1386,315,Sale,20,2024-10-11 08:58:24
1387,466,Sale,39,2024-03-13 08:58:24
1388,176,Purchase,33,2024-11-07 08:58:24
1389,359,Sale,7,2024-12-02 08:58:24
1390,457,Purchase,45,2025-02-22 08:58:24
1391,352,Purchase,16,2024-12-07 08:58:24
1392,322,Purchase,20,2024-11-24 08:58:24
1393,183,Sale,26,2024-05-05 08:58:24
1394,412,Sale,3,2024-12-17 08:58:24
1395,430,Purchase,44,2024-03-15 08:58:24
1396,451,Sale,21,2024-08-04 08:58:24
1397,395,Purchase,21,2024-04-14 08:58:24
1398,307,Sale,35,2024-04-20 08:58:24
1399,39,Sale,41,2025-02-08 08:58:24
1400,297,Sale,14,2024-03-29 08:58:24
1401,126,Purchase,49,2024-12-08 08:58:24
1402,16,Purchase,1,2024-09-23 08:58:24
1403,471,Purchase,45,2024-07-16 08:58:24
1404,344,Sale,33,2024-12-14 08:58:24
1405,407,Sale,22,2024-12-22 08:58:24
1406,167,Sale,14,2024-08-08 08:58:24
1407,65,Purchase,46,2024-11-10 08:58:24
1408,378,Purchase,7,2024-09-01 08:58:24
1409,76,Purchase,11,2024-09-24 08:58:24
1410,417,Purchase,1,2024-07-29 08:58:24
1411,404,Sale,2,2024-03-19 08:58:24
1412,395,Purchase,3,2025-03-02 08:58:24
1413,491,Sale,21,2024-09-05 08:58:24
1414,457,Purchase,5,2024-11-10 08:58:24
1415,190,Sale,43,2024-07-12 08:58:24
1416,336,Sale,25,2024-06-26 08:58:24
1417,466,Sale,47,2024-08-09 08:58:24
1418,121,Purchase,40,2025-01-14 08:58:24
1419,225,Purchase,41,2024-10-21 08:58:24
1420,40,Sale,44,2024-08-19 08:58:24
1421,125,Sale,3,2024-05-20 08:58:24
1422,410,Purchase,15,2024-05-08 08:58:24
1423,261,Sale,33,2024-10-16 08:58:24
1424,402,Purchase,43,2024-07-08 08:58:24
1425,366,Purchase,12,2024-05-12 08:58:24
1426,13,Sale,11,2024-05-13 08:58:24
1427,247,Sale,8,2024-12-31 08:58:24
1428,436,Sale,35,2025-01-04 08:58:24
1429,156,Purchase,24,2025-01-05 08:58:24
1430,311,Sale,28,2024-10-06 08:58:24
1431,45,Purchase,32,2024-09-25 08:58:24
1432,126,Sale,34,2024-09-17 08:58:24
1433,105,Sale,21,2024-10-21 08:58:24
1434,197,Sale,13,2024-08-08 08:58:24
1435,497,Purchase,47,2025-02-20 08:58:24
1436,405,Purchase,33,2024-04-11 08:58:24
1437,75,Purchase,5,2024-12-31 08:58:24
1438,269,Sale,39,2024-06-03 08:58:24
1439,23,Sale,41,2025-02-08 08:58:24
1440,158,Purchase,12,2024-04-11 08:58:24
1441,108,Purchase,24,2024-04-08 08:58:24
1442,39,Purchase,39,2024-06-23 08:58:24
1443,430,Sale,50,2024-06-06 08:58:24
1444,194,Purchase,23,2024-12-18 08:58:24
1445,92,Purchase,47,2024-11-09 08:58:24
1446,433,Purchase,22,2024-11-13 08:58:24
1447,77,Purchase,33,2024-07-11 08:58:24
1448,78,Purchase,47,2024-05-01 08:58:24
1449,261,Purchase,50,2024-07-29 08:58:24
1450,336,Purchase,28,2024-04-09 08:58:24
1451,339,Purchase,16,2024-04-07 08:58:24
1452,245,Purchase,19,2024-07-14 08:58:24
1453,249,Purchase,8,2024-04-10 08:58:24
1454,133,Sale,21,2024-04-15 08:58:24
1455,500,Purchase,42,2024-08-08 08:58:24
1456,421,Sale,47,2024-05-18 08:58:24
1457,469,Purchase,36,2024-05-24 08:58:24
1458,286,Purchase,16,2024-12-04 08:58:24
1459,124,Purchase,40,2024-06-25 08:58:24
1460,2,Sale,4,2024-07-10 08:58:24
1461,34,Purchase,22,2025-01-31 08:58:24
1462,311,Sale,5,2024-11-24 08:58:24
1463,325,Purchase,40,2024-06-21 08:58:24
1464,466,Purchase,28,2025-02-22 08:58:24
1465,8,Sale,32,2024-06-11 08:58:24
1466,38,Sale,2,2024-11-08 08:58:24
1467,126,Sale,39,2024-03-24 08:58:24
1468,419,Purchase,49,2024-08-22 08:58:24
1469,297,Sale,3,2024-08-01 08:58:24
1470,486,Sale,14,2024-11-10 08:58:24
1471,347,Purchase,28,2024-03-11 08:58:24
1472,38,Purchase,38,2024-05-26 08:58:24
1473,171,Sale,10,2024-09-02 08:58:24
1474,158,Sale,40,2024-09-19 08:58:24
1475,63,Purchase,20,2024-03-13 08:58:24
1476,367,Sale,26,2024-03-08 08:58:24
1477,195,Sale,33,2024-08-09 08:58:24
1478,254,Purchase,29,2024-06-13 08:58:24
1479,111,Purchase,8,2024-03-12 08:58:24
1480,96,Purchase,3,2024-08-17 08:58:24
1481,240,Sale,30,2024-12-07 08:58:24
1482,22,Sale,7,2024-10-02 08:58:24
1483,7,Sale,34,2024-05-07 08:58:24
1484,298,Sale,39,2024-09-22 08:58:24
1485,163,Purchase,38,2025-01-20 08:58:24
1486,204,Sale,46,2024-12-31 08:58:24
1487,418,Sale,14,2025-02-25 08:58:24
1488,318,Purchase,9,2024-12-22 08:58:24
1489,227,Sale,10,2024-04-11 08:58:24
1490,483,Sale,2,2024-07-25 08:58:24
1491,14,Sale,20,2025-01-29 08:58:24
1492,381,Sale,21,2024-10-19 08:58:24
1493,357,Purchase,24,2024-11-03 08:58:24
1494,443,Purchase,8,2024-11-19 08:58:24
1495,120,Purchase,41,2024-09-17 08:58:24
1496,9,Purchase,8,2024-09-05 08:58:24
1497,84,Purchase,16,2024-10-26 08:58:24
1498,143,Sale,40,2024-06-17 08:58:24
1499,423,Purchase,10,2025-02-19 08:58:24
1500,77,Sale,25,2025-02-14 08:58:24
1501,413,Purchase,33,2024-07-02 08:58:24
1502,138,Sale,48,2025-01-28 08:58:24
1503,339,Sale,20,2024-09-14 08:58:24
1504,395,Sale,30,2024-11-17 08:58:24
1505,458,Purchase,16,2024-05-11 08:58:24
1506,348,Purchase,16,2024-03-11 08:58:24
1507,470,Sale,21,2024-04-21 08:58:24
1508,391,Sale,1,2024-08-24 08:58:24
1509,329,Purchase,17,2024-04-28 08:58:24
1510,339,Sale,47,2024-12-18 08:58:24
1511,102,Purchase,1,2025-01-19 08:58:24
1512,341,Purchase,12,2025-03-04 08:58:24
1513,187,Purchase,9,2024-10-24 08:58:24
1514,356,Sale,37,2024-04-26 08:58:24
1515,91,Sale,33,2025-02-07 08:58:24
1516,429,Sale,44,2024-09-22 08:58:24
1517,428,Purchase,6,2024-11-27 08:58:24
1518,52,Purchase,20,2025-01-27 08:58:24
1519,100,Sale,33,2024-09-15 08:58:24
1520,352,Sale,50,2024-08-01 08:58:24
1521,126,Purchase,14,2024-12-13 08:58:24
1522,325,Sale,9,2024-12-16 08:58:24
1523,115,Purchase,45,2024-12-11 08:58:24
1524,287,Purchase,47,2025-02-16 08:58:24
1525,26,Sale,42,2024-05-24 08:58:24
1526,331,Purchase,37,2024-07-28 08:58:24
1527,41,Purchase,7,2024-10-17 08:58:24
1528,216,Purchase,8,2024-08-02 08:58:24
1529,78,Purchase,44,2024-06-20 08:58:24
1530,196,Sale,44,2024-08-02 08:58:24
1531,254,Sale,12,2024-06-13 08:58:24
1532,383,Purchase,19,2024-05-01 08:58:24
1533,88,Sale,49,2024-04-07 08:58:24
1534,340,Purchase,8,2024-05-17 08:58:24
1535,279,Sale,39,2024-12-10 08:58:24
1536,132,Purchase,30,2024-07-31 08:58:24
1537,171,Purchase,38,2024-10-26 08:58:24
1538,211,Sale,48,2024-04-09 08:58:24
1539,410,Purchase,41,2024-07-11 08:58:24
1540,314,Purchase,34,2024-07-09 08:58:24
1541,484,Sale,20,2025-03-03 08:58:24
1542,132,Sale,20,2025-02-04 08:58:24
1543,18,Sale,36,2024-12-19 08:58:24
1544,104,Purchase,41,2024-07-11 08:58:24
1545,426,Purchase,1,2024-08-10 08:58:24
1546,240,Purchase,18,2024-12-03 08:58:24
1547,414,Sale,13,2024-12-29 08:58:24
1548,305,Purchase,16,2024-09-29 08:58:24
1549,285,Sale,21,2024-10-01 08:58:24
1550,224,Sale,11,2024-11-25 08:58:24
1551,366,Purchase,24,2024-07-21 08:58:24
1552,251,Sale,43,2024-10-27 08:58:24
1553,426,Purchase,37,2024-10-28 08:58:24
1554,215,Sale,22,2024-11-27 08:58:24
1555,284,Sale,2,2025-02-14 08:58:24
1556,468,Purchase,13,2024-11-06 08:58:24
1557,292,Sale,5,2024-12-20 08:58:24
1558,150,Purchase,30,2024-12-22 08:58:24
1559,304,Purchase,41,2024-12-09 08:58:24
1560,187,Sale,37,2024-05-23 08:58:24
1561,325,Purchase,22,2024-11-11 08:58:24
1562,234,Purchase,31,2025-02-11 08:58:24
1563,102,Purchase,22,2024-04-23 08:58:24
1564,255,Sale,41,2024-06-14 08:58:24
1565,173,Sale,33,2025-03-04 08:58:24
1566,39,Purchase,22,2025-02-10 08:58:24
1567,64,Sale,46,2024-06-10 08:58:24
1568,46,Purchase,13,2024-09-10 08:58:24
1569,369,Sale,32,2024-11-05 08:58:24
1570,109,Purchase,8,2024-12-15 08:58:24
1571,25,Purchase,35,2024-04-16 08:58:24
1572,104,Sale,11,2024-05-23 08:58:24
1573,84,Purchase,26,2024-06-22 08:58:24
1574,468,Sale,42,2024-11-26 08:58:24
1575,337,Sale,29,2024-04-28 08:58:24
1576,391,Purchase,31,2025-03-01 08:58:24
1577,245,Purchase,33,2024-12-05 08:58:24
1578,22,Purchase,12,2024-11-10 08:58:24
1579,11,Purchase,30,2024-08-24 08:58:24
1580,296,Sale,29,2025-01-29 08:58:24
1581,317,Sale,5,2024-10-28 08:58:24
1582,423,Sale,42,2024-04-13 08:58:24
1583,270,Sale,5,2024-10-02 08:58:24
1584,292,Sale,36,2024-05-22 08:58:24
1585,352,Purchase,30,2024-10-28 08:58:24
1586,417,Sale,12,2024-12-16 08:58:24
1587,366,Purchase,8,2024-12-11 08:58:24
1588,35,Purchase,48,2024-04-17 08:58:24
1589,349,Sale,6,2024-03-12 08:58:24
1590,345,Sale,26,2024-03-12 08:58:24
1591,185,Purchase,35,2024-08-15 08:58:24
1592,397,Sale,33,2024-07-11 08:58:24
1593,449,Sale,39,2024-12-25 08:58:24
1594,373,Sale,38,2024-07-17 08:58:24
1595,72,Purchase,1,2024-12-18 08:58:24
1596,56,Purchase,23,2024-10-04 08:58:24
1597,31,Purchase,46,2024-07-09 08:58:24
1598,32,Purchase,29,2025-01-16 08:58:24
1599,43,Purchase,43,2025-03-01 08:58:24
1600,202,Sale,5,2025-01-21 08:58:24
1601,487,Sale,48,2025-03-03 08:58:24
1602,54,Purchase,16,2025-02-22 08:58:24
1603,182,Sale,48,2024-03-09 08:58:24
1604,267,Sale,32,2024-10-08 08:58:24
1605,381,Purchase,48,2024-12-03 08:58:24
1606,266,Purchase,7,2024-04-10 08:58:24
1607,225,Sale,25,2025-02-22 08:58:24
1608,396,Sale,16,2024-12-20 08:58:24
1609,245,Purchase,34,2024-12-08 08:58:24
1610,213,Sale,14,2025-02-21 08:58:24
1611,459,Purchase,23,2024-11-23 08:58:24
1612,330,Purchase,29,2024-12-20 08:58:24
1613,289,Purchase,20,2024-12-04 08:58:24
1614,450,Purchase,30,2024-12-05 08:58:24
1615,451,Sale,17,2024-07-06 08:58:24
1616,313,Purchase,37,2024-04-05 08:58:24
1617,49,Sale,6,2024-10-08 08:58:24
1618,22,Sale,3,2025-02-12 08:58:24
1619,214,Purchase,18,2025-03-01 08:58:24
1620,73,Purchase,5,2024-12-31 08:58:24
1621,424,Sale,13,2025-01-23 08:58:24
1622,359,Purchase,35,2024-08-21 08:58:24
1623,135,Purchase,17,2025-01-08 08:58:24
1624,145,Purchase,14,2024-11-30 08:58:24
1625,219,Purchase,20,2024-05-14 08:58:24
1626,31,Purchase,21,2025-02-21 08:58:24
1627,378,Sale,8,2025-01-11 08:58:24
1628,454,Sale,45,2024-08-22 08:58:24
1629,9,Sale,3,2024-09-24 08:58:24
1630,96,Sale,49,2025-01-03 08:58:24
1631,271,Purchase,8,2024-05-27 08:58:24
1632,3,Sale,36,2024-04-29 08:58:24
1633,384,Purchase,46,2024-12-30 08:58:24
1634,313,Purchase,6,2024-07-04 08:58:24
1635,199,Sale,46,2024-10-01 08:58:24
1636,38,Purchase,1,2024-09-14 08:58:24
1637,399,Sale,37,2024-08-02 08:58:24
1638,392,Purchase,47,2024-04-14 08:58:24
1639,29,Sale,46,2024-07-03 08:58:24
1640,372,Purchase,46,2024-07-08 08:58:24
1641,261,Purchase,19,2024-08-30 08:58:24
1642,116,Sale,20,2024-09-18 08:58:24
1643,479,Sale,48,2024-03-10 08:58:24
1644,392,Sale,31,2025-01-02 08:58:24
1645,271,Sale,23,2024-12-21 08:58:24
1646,373,Purchase,8,2025-01-25 08:58:24
1647,73,Sale,49,2025-02-22 08:58:24
1648,173,Sale,27,2024-08-12 08:58:24
1649,174,Purchase,32,2024-11-20 08:58:24
1650,181,Purchase,8,2024-07-14 08:58:24
1651,146,Purchase,13,2024-12-02 08:58:24
1652,201,Sale,14,2024-03-25 08:58:24
1653,165,Purchase,18,2024-12-21 08:58:24
1654,144,Sale,13,2024-09-26 08:58:24
1655,366,Purchase,6,2025-03-04 08:58:24
1656,489,Purchase,8,2024-10-15 08:58:24
1657,272,Purchase,9,2024-06-08 08:58:24
1658,254,Sale,16,2024-04-12 08:58:24
1659,67,Purchase,41,2024-09-19 08:58:24
1660,80,Sale,34,2025-02-14 08:58:24
1661,52,Sale,7,2024-11-01 08:58:24
1662,311,Sale,41,2024-12-04 08:58:24
1663,2,Purchase,21,2024-05-23 08:58:24
1664,142,Sale,26,2025-01-09 08:58:24
1665,354,Purchase,4,2024-06-16 08:58:24
1666,431,Purchase,1,2024-07-29 08:58:24
1667,479,Sale,8,2025-01-16 08:58:24
1668,79,Purchase,15,2024-04-20 08:58:24
1669,185,Purchase,15,2024-12-02 08:58:24
1670,243,Sale,21,2024-10-11 08:58:24
1671,95,Sale,48,2025-01-18 08:58:24
1672,149,Purchase,1,2024-11-05 08:58:24
1673,90,Sale,23,2024-06-10 08:58:24
1674,430,Purchase,31,2024-07-03 08:58:24
1675,166,Purchase,26,2025-02-10 08:58:24
1676,405,Purchase,38,2025-01-16 08:58:24
1677,47,Sale,38,2025-01-28 08:58:24
1678,424,Sale,10,2025-01-18 08:58:24
1679,158,Sale,2,2024-07-04 08:58:24
1680,208,Sale,2,2024-05-03 08:58:24
1681,80,Purchase,32,2024-06-05 08:58:24
1682,465,Purchase,15,2024-03-27 08:58:24
1683,120,Sale,2,2024-03-23 08:58:24
1684,402,Sale,47,2024-07-04 08:58:24
1685,422,Sale,12,2024-10-31 08:58:24
1686,179,Purchase,40,2025-02-14 08:58:24
1687,210,Purchase,47,2024-06-01 08:58:24
1688,494,Purchase,15,2024-11-12 08:58:24
1689,248,Purchase,36,2025-01-31 08:58:24
1690,243,Purchase,25,2024-12-09 08:58:24
1691,271,Sale,18,2024-04-04 08:58:24
1692,127,Purchase,38,2024-11-25 08:58:24
1693,165,Sale,29,2024-07-16 08:58:24
1694,221,Purchase,10,2024-05-06 08:58:24
1695,67,Purchase,4,2024-06-04 08:58:24
1696,102,Sale,34,2024-08-04 08:58:24
1697,73,Purchase,37,2025-02-19 08:58:24
1698,472,Sale,10,2024-09-30 08:58:24
1699,401,Sale,40,2024-10-17 08:58:24
1700,466,Sale,26,2024-04-27 08:58:24
1701,39,Purchase,10,2024-04-27 08:58:24
1702,218,Purchase,50,2024-10-11 08:58:24
1703,491,Purchase,38,2025-01-03 08:58:24
1704,171,Sale,11,2024-07-03 08:58:24
1705,108,Purchase,17,2024-11-15 08:58:24
1706,351,Sale,44,2024-12-29 08:58:24
1707,67,Purchase,6,2024-10-29 08:58:24
1708,145,Sale,37,2024-11-18 08:58:24
1709,170,Sale,6,2024-07-27 08:58:24
1710,168,Purchase,27,2024-09-20 08:58:24
1711,124,Sale,32,2025-02-19 08:58:24
1712,357,Purchase,9,2025-02-13 08:58:24
1713,430,Purchase,3,2024-12-26 08:58:24
1714,464,Purchase,36,2024-04-28 08:58:24
1715,435,Sale,6,2024-09-10 08:58:24
1716,125,Purchase,30,2024-04-17 08:58:24
1717,184,Purchase,29,2024-08-20 08:58:24
1718,415,Purchase,3,2024-08-07 08:58:24
1719,293,Purchase,1,2024-08-16 08:58:24
1720,242,Sale,37,2024-05-29 08:58:24
1721,337,Purchase,44,2024-12-25 08:58:24
1722,178,Purchase,33,2025-02-02 08:58:24
1723,36,Purchase,17,2024-12-08 08:58:24
1724,347,Sale,31,2024-06-22 08:58:24
1725,401,Sale,3,2024-05-23 08:58:24
1726,209,Purchase,41,2024-06-16 08:58:24
1727,328,Purchase,7,2024-04-13 08:58:24
1728,133,Sale,26,2024-07-01 08:58:24
1729,170,Sale,46,2024-03-20 08:58:24
1730,237,Purchase,38,2024-07-28 08:58:24
1731,304,Sale,10,2024-06-15 08:58:24
1732,16,Sale,34,2024-06-02 08:58:24
1733,462,Sale,38,2024-07-30 08:58:24
1734,156,Purchase,37,2024-10-22 08:58:24
1735,338,Sale,29,2024-09-24 08:58:24
1736,33,Sale,19,2024-12-15 08:58:24
1737,351,Sale,35,2024-10-09 08:58:24
1738,494,Sale,25,2024-08-06 08:58:24
1739,383,Purchase,25,2024-04-10 08:58:24
1740,490,Purchase,48,2024-06-23 08:58:24
1741,312,Sale,31,2024-10-23 08:58:24
1742,425,Purchase,1,2024-04-02 08:58:24
1743,158,Purchase,50,2024-03-07 08:58:24
1744,73,Purchase,43,2024-08-29 08:58:24
1745,15,Sale,39,2024-09-14 08:58:24
1746,409,Sale,47,2025-01-02 08:58:24
1747,68,Sale,44,2024-05-24 08:58:24
1748,392,Purchase,8,2024-11-10 08:58:24
1749,396,Sale,1,2024-11-01 08:58:24
1750,350,Sale,36,2024-03-18 08:58:24
1751,473,Purchase,3,2024-05-18 08:58:24
1752,443,Sale,13,2024-06-02 08:58:24
1753,22,Sale,25,2024-10-08 08:58:24
1754,259,Purchase,6,2025-01-27 08:58:24
1755,32,Sale,44,2024-09-21 08:58:24
1756,303,Sale,43,2024-06-09 08:58:24
1757,476,Sale,49,2024-12-12 08:58:24
1758,163,Sale,18,2024-03-05 08:58:24
1759,81,Purchase,42,2024-04-24 08:58:24
1760,455,Sale,4,2024-10-16 08:58:24
1761,265,Purchase,21,2024-05-26 08:58:24
1762,14,Purchase,12,2025-01-03 08:58:24
1763,337,Purchase,11,2024-05-01 08:58:24
1764,359,Purchase,27,2024-12-07 08:58:24
1765,264,Purchase,6,2024-05-04 08:58:24
1766,196,Sale,16,2024-05-14 08:58:24
1767,279,Sale,36,2024-05-15 08:58:24
1768,34,Purchase,35,2024-10-31 08:58:24
1769,445,Purchase,38,2025-02-13 08:58:24
1770,158,Sale,34,2024-07-24 08:58:24
1771,326,Sale,39,2024-11-16 08:58:24
1772,492,Purchase,29,2024-11-14 08:58:24
1773,83,Purchase,23,2024-04-12 08:58:24
1774,288,Purchase,30,2024-08-22 08:58:24
1775,202,Sale,9,2024-05-03 08:58:24
1776,160,Purchase,40,2024-06-18 08:58:24
1777,146,Sale,43,2025-02-23 08:58:24
1778,277,Purchase,47,2024-07-25 08:58:24
1779,393,Purchase,26,2025-01-23 08:58:24
1780,99,Purchase,3,2024-08-25 08:58:24
1781,57,Sale,43,2024-12-16 08:58:24
1782,242,Purchase,2,2025-01-07 08:58:24
1783,26,Purchase,30,2024-11-10 08:58:24
1784,370,Sale,47,2024-11-16 08:58:24
1785,474,Sale,37,2024-08-05 08:58:24
1786,437,Sale,19,2024-04-12 08:58:24
1787,474,Sale,33,2024-11-27 08:58:24
1788,183,Purchase,24,2024-05-16 08:58:24
1789,340,Purchase,3,2024-04-15 08:58:24
1790,77,Purchase,22,2024-09-10 08:58:24
1791,45,Purchase,19,2024-07-13 08:58:24
1792,114,Purchase,42,2024-10-31 08:58:24
1793,213,Purchase,5,2024-05-26 08:58:24
1794,90,Purchase,2,2024-11-23 08:58:24
1795,353,Purchase,7,2024-08-13 08:58:24
1796,65,Sale,22,2025-02-05 08:58:24
1797,197,Purchase,20,2024-04-14 08:58:24
1798,221,Sale,23,2025-01-09 08:58:24
1799,217,Sale,5,2024-05-24 08:58:24
1800,11,Sale,25,2025-01-08 08:58:24
1801,475,Purchase,17,2024-05-21 08:58:24
1802,36,Purchase,27,2024-10-09 08:58:24
1803,288,Sale,37,2024-06-13 08:58:24
1804,355,Purchase,45,2024-10-17 08:58:24
1805,13,Sale,21,2024-06-10 08:58:24
1806,115,Sale,46,2024-12-24 08:58:24
1807,332,Purchase,46,2024-09-03 08:58:24
1808,352,Purchase,32,2024-12-12 08:58:24
1809,282,Sale,18,2025-01-09 08:58:24
1810,238,Sale,17,2025-02-07 08:58:24
1811,294,Purchase,13,2025-02-25 08:58:24
1812,180,Purchase,37,2024-07-03 08:58:24
1813,54,Sale,16,2024-09-04 08:58:24
1814,302,Purchase,44,2025-01-24 08:58:24
1815,430,Sale,11,2024-11-28 08:58:24
1816,218,Sale,41,2024-04-30 08:58:24
1817,408,Sale,23,2024-10-19 08:58:24
1818,59,Sale,14,2025-01-20 08:58:24
1819,312,Purchase,36,2024-05-13 08:58:24
1820,420,Sale,17,2024-05-10 08:58:24
1821,228,Sale,6,2025-02-14 08:58:24
1822,312,Purchase,12,2024-03-17 08:58:24
1823,500,Sale,19,2025-01-10 08:58:24
1824,387,Sale,20,2024-09-28 08:58:24
1825,153,Purchase,28,2024-03-29 08:58:24
1826,394,Purchase,40,2024-05-05 08:58:24
1827,215,Purchase,6,2024-11-25 08:58:24
1828,200,Sale,27,2025-02-07 08:58:24
1829,346,Purchase,31,2024-07-03 08:58:24
1830,256,Sale,40,2025-02-22 08:58:24
1831,175,Purchase,14,2024-05-30 08:58:24
1832,195,Sale,26,2024-03-28 08:58:24
1833,316,Sale,41,2024-05-17 08:58:24
1834,15,Sale,6,2024-11-06 08:58:24
1835,133,Sale,26,2024-09-07 08:58:24
1836,434,Sale,39,2024-12-19 08:58:24
1837,490,Sale,2,2024-10-16 08:58:24
1838,23,Purchase,44,2024-07-23 08:58:24
1839,497,Purchase,50,2025-02-06 08:58:24
1840,70,Sale,26,2024-08-22 08:58:24
1841,141,Purchase,41,2025-01-11 08:58:24
1842,385,Purchase,6,2024-05-18 08:58:24
1843,225,Purchase,7,2024-03-05 08:58:24
1844,299,Purchase,40,2024-07-30 08:58:24
1845,310,Sale,22,2025-02-15 08:58:24
1846,353,Purchase,42,2024-03-07 08:58:24
1847,377,Sale,30,2024-05-06 08:58:24
1848,309,Purchase,47,2025-02-06 08:58:24
1849,58,Purchase,20,2024-10-28 08:58:24
1850,69,Purchase,39,2024-05-22 08:58:24
1851,239,Sale,18,2025-02-10 08:58:24
1852,397,Purchase,18,2025-01-11 08:58:24
1853,343,Purchase,3,2024-03-11 08:58:24
1854,364,Purchase,8,2024-05-08 08:58:24
1855,100,Purchase,43,2024-07-31 08:58:24
1856,307,Sale,36,2024-12-23 08:58:24
1857,231,Purchase,2,2024-11-21 08:58:24
1858,66,Purchase,48,2024-07-12 08:58:24
1859,220,Sale,34,2024-09-13 08:58:24
1860,464,Sale,20,2024-09-16 08:58:24
1861,146,Sale,25,2024-12-30 08:58:24
1862,158,Purchase,19,2024-03-27 08:58:24
1863,463,Purchase,45,2024-11-28 08:58:24
1864,419,Purchase,5,2024-06-18 08:58:24
1865,130,Sale,44,2024-04-27 08:58:24
1866,294,Purchase,37,2024-04-06 08:58:24
1867,23,Purchase,13,2024-06-30 08:58:24
1868,148,Sale,45,2024-07-05 08:58:24
1869,462,Purchase,50,2024-07-07 08:58:24
1870,333,Purchase,45,2024-04-27 08:58:24
1871,308,Sale,5,2024-05-27 08:58:24
1872,23,Purchase,2,2024-08-15 08:58:24
1873,371,Sale,48,2024-11-02 08:58:24
1874,249,Purchase,28,2024-10-01 08:58:24
1875,469,Sale,30,2024-07-18 08:58:24
1876,283,Sale,15,2024-11-30 08:58:24
1877,500,Sale,27,2024-08-27 08:58:24
1878,199,Sale,28,2025-01-26 08:58:24
1879,444,Sale,10,2025-01-29 08:58:24
1880,355,Purchase,20,2024-11-13 08:58:24
1881,40,Sale,8,2024-03-19 08:58:24
1882,455,Sale,22,2024-05-08 08:58:24
1883,451,Purchase,13,2024-03-06 08:58:24
1884,7,Sale,41,2024-10-16 08:58:24
1885,481,Purchase,25,2024-04-15 08:58:24
1886,346,Purchase,10,2024-12-11 08:58:24
1887,421,Sale,8,2024-05-20 08:58:24
1888,354,Sale,40,2024-03-24 08:58:24
1889,489,Sale,21,2024-09-30 08:58:24
1890,251,Sale,8,2024-05-17 08:58:24
1891,411,Purchase,43,2024-06-02 08:58:24
1892,220,Purchase,33,2024-09-09 08:58:24
1893,18,Purchase,15,2024-07-06 08:58:24
1894,302,Sale,24,2024-06-03 08:58:24
1895,120,Purchase,1,2024-03-28 08:58:24
1896,213,Purchase,14,2025-02-13 08:58:24
1897,392,Sale,42,2025-02-03 08:58:24
1898,456,Sale,46,2024-06-05 08:58:24
1899,27,Purchase,48,2024-06-24 08:58:24
1900,30,Purchase,2,2025-02-08 08:58:24
1901,279,Sale,4,2024-10-08 08:58:24
1902,436,Purchase,22,2024-07-29 08:58:24
1903,278,Sale,3,2024-09-26 08:58:24
1904,436,Sale,29,2024-05-30 08:58:24
1905,210,Sale,23,2024-09-13 08:58:24
1906,183,Purchase,27,2024-10-23 08:58:24
1907,451,Sale,47,2024-03-14 08:58:24
1908,492,Sale,39,2025-02-20 08:58:24
1909,461,Sale,4,2024-08-10 08:58:24
1910,227,Sale,17,2025-01-02 08:58:24
1911,201,Purchase,15,2024-12-21 08:58:24
1912,424,Sale,16,2025-02-20 08:58:24
1913,455,Purchase,44,2024-07-19 08:58:24
1914,321,Sale,21,2024-11-09 08:58:24
1915,380,Sale,23,2024-09-28 08:58:24
1916,265,Purchase,36,2024-04-16 08:58:24
1917,184,Sale,1,2025-02-25 08:58:24
1918,376,Sale,45,2024-07-08 08:58:24
1919,374,Purchase,43,2024-12-03 08:58:24
1920,399,Purchase,50,2024-05-25 08:58:24
1921,15,Sale,35,2024-10-18 08:58:24
1922,168,Sale,31,2024-09-12 08:58:24
1923,96,Purchase,31,2024-11-14 08:58:24
1924,249,Purchase,17,2024-03-27 08:58:24
1925,343,Purchase,20,2024-09-27 08:58:24
1926,325,Purchase,1,2024-12-06 08:58:24
1927,115,Purchase,20,2024-07-29 08:58:24
1928,114,Purchase,1,2024-06-06 08:58:24
1929,43,Sale,2,2025-02-21 08:58:24
1930,398,Sale,40,2024-03-23 08:58:24
1931,321,Purchase,47,2024-08-27 08:58:24
1932,51,Sale,31,2024-09-09 08:58:24
1933,332,Purchase,18,2024-03-10 08:58:24
1934,78,Sale,19,2024-05-09 08:58:24
1935,64,Purchase,12,2024-12-21 08:58:24
1936,324,Purchase,10,2025-01-10 08:58:24
1937,1,Purchase,23,2024-11-26 08:58:24
1938,266,Sale,1,2024-05-29 08:58:24
1939,253,Purchase,24,2025-01-14 08:58:24
1940,261,Purchase,5,2024-10-18 08:58:24
1941,230,Sale,7,2024-06-16 08:58:24
1942,13,Purchase,35,2024-04-17 08:58:24
1943,387,Purchase,9,2024-11-03 08:58:24
1944,434,Sale,12,2025-01-10 08:58:24
1945,181,Purchase,2,2025-02-24 08:58:24
1946,232,Sale,25,2024-11-06 08:58:24
1947,67,Purchase,46,2024-09-08 08:58:24
1948,27,Purchase,25,2024-06-21 08:58:24
1949,71,Purchase,29,2025-02-11 08:58:24
1950,319,Sale,28,2024-03-22 08:58:24
1951,194,Purchase,41,2024-11-01 08:58:24
1952,374,Sale,15,2024-05-31 08:58:24
1953,496,Purchase,13,2024-05-27 08:58:24
1954,123,Purchase,29,2024-07-06 08:58:24
1955,160,Purchase,48,2025-01-02 08:58:24
1956,120,Purchase,22,2024-05-30 08:58:24
1957,73,Purchase,38,2024-08-04 08:58:24
1958,205,Purchase,43,2024-07-10 08:58:24
1959,416,Sale,28,2024-12-13 08:58:24
1960,46,Sale,32,2024-06-19 08:58:24
1961,130,Purchase,9,2024-11-11 08:58:24
1962,172,Sale,6,2024-03-31 08:58:24
1963,252,Sale,45,2024-08-03 08:58:24
1964,147,Sale,8,2024-12-11 08:58:24
1965,114,Sale,13,2024-12-21 08:58:24
1966,203,Purchase,47,2024-04-09 08:58:24
1967,6,Purchase,50,2024-10-29 08:58:24
1968,486,Sale,4,2024-08-19 08:58:24
1969,27,Sale,22,2024-10-23 08:58:24
1970,77,Purchase,50,2025-01-15 08:58:24
1971,454,Sale,32,2024-08-20 08:58:24
1972,397,Purchase,11,2024-09-07 08:58:24
1973,44,Sale,47,2024-09-10 08:58:24
1974,447,Purchase,25,2025-01-03 08:58:24
1975,6,Purchase,45,2025-01-21 08:58:24
1976,391,Purchase,19,2025-03-04 08:58:24
1977,393,Purchase,32,2025-01-15 08:58:24
1978,429,Sale,32,2024-06-06 08:58:24
1979,53,Purchase,46,2024-11-04 08:58:24
1980,340,Sale,20,2024-07-14 08:58:24
1981,373,Sale,2,2024-04-21 08:58:24
1982,411,Purchase,25,2024-11-19 08:58:24
1983,376,Purchase,43,2024-06-02 08:58:24
1984,121,Purchase,42,2025-02-23 08:58:24
1985,148,Sale,7,2024-04-15 08:58:24
1986,461,Sale,48,2025-01-22 08:58:24
1987,148,Purchase,23,2024-09-11 08:58:24
1988,202,Purchase,29,2024-09-16 08:58:24
1989,79,Sale,9,2024-05-30 08:58:24
1990,188,Sale,5,2024-06-06 08:58:24
1991,374,Sale,39,2024-08-16 08:58:24
1992,361,Sale,28,2024-12-18 08:58:24
1993,170,Sale,5,2025-03-04 08:58:24
1994,416,Sale,10,2024-05-14 08:58:24
1995,16,Purchase,35,2025-01-09 08:58:24
1996,126,Purchase,46,2025-02-18 08:58:24
1997,467,Sale,16,2024-07-09 08:58:24
1998,347,Purchase,4,2024-09-27 08:58:24
1999,142,Purchase,27,2025-01-14 08:58:24
2000,316,Purchase,18,2024-03-16 08:58:24
